user_id,upgraded,upgrade_date,days_to_upgrade,signup_date,last_active_date,days_alive,num_sessions,avg_session_length_minutes,total_session_length_minutes,avg_days_between_sessions,num_repeated_session_days,days_first_feature_after_signup,first_feature_used,last_feature_used,using_top_features,num_top_feature_sessions,features_before_upgrade,features_after_upgrade,num_repeated_features,churn_90d,paid
user_0001,FALSE,none,,2023-11-25 00:00:00+00:00,2024-02-28 00:00:00+00:00,95,7,23.76857143,166.38,15.16666667,1,4,calendar_view,file_upload,TRUE,3,none,none,2,0,0
user_0002,TRUE,2024-02-14 00:00:00+00:00,53,2023-12-23 00:00:00+00:00,2024-04-11 00:00:00+00:00,110,9,19.72666667,177.54,10.625,1,25,task_create,task_create,TRUE,6,"comment,task_create,task_edit","comment,file_upload,task_create,task_edit",3,0,1
user_0003,FALSE,none,,2023-01-06 00:00:00+00:00,2023-03-24 00:00:00+00:00,77,10,16.156,161.56,11,0,9,task_create,calendar_view,TRUE,5,none,none,3,1,0
user_0004,TRUE,2023-08-03 00:00:00+00:00,11,2023-07-23 00:00:00+00:00,2023-11-12 00:00:00+00:00,112,9,16.36666667,147.3,12.625,0,12,calendar_view,comment,TRUE,4,none,"calendar_view,comment,file_upload,task_edit",3,1,1
user_0005,FALSE,none,,2023-10-25 00:00:00+00:00,2023-12-20 00:00:00+00:00,56,11,13.09545455,144.05,7.3,0,32,calendar_view,calendar_view,TRUE,4,none,none,4,1,0
user_0006,FALSE,none,,2023-05-24 00:00:00+00:00,2023-08-28 00:00:00+00:00,96,9,18.37111111,165.34,13.375,0,6,calendar_view,file_upload,TRUE,4,none,none,3,1,0
user_0007,TRUE,2023-08-28 00:00:00+00:00,48,2023-07-11 00:00:00+00:00,2023-11-09 00:00:00+00:00,121,7,29.02142857,203.15,13.16666667,1,10,task_create,calendar_view,TRUE,3,"calendar_view,task_create,task_edit","calendar_view,comment,file_upload",2,1,1
user_0008,FALSE,none,,2023-11-04 00:00:00+00:00,2024-02-26 00:00:00+00:00,114,11,26.97909091,296.77,7.2,2,37,calendar_view,calendar_view,TRUE,5,none,none,3,0,0
user_0009,FALSE,none,,2023-09-08 00:00:00+00:00,2024-01-11 00:00:00+00:00,125,14,19.77714286,276.88,8.769230769,1,4,task_create,task_edit,TRUE,10,none,none,4,1,0
user_0010,TRUE,2023-09-08 00:00:00+00:00,5,2023-09-03 00:00:00+00:00,2023-11-14 00:00:00+00:00,72,17,21.98529412,373.75,7.3125,0,3,task_create,comment,TRUE,11,task_create,"calendar_view,comment,file_upload,task_create,task_edit",5,1,1
user_0011,TRUE,2023-11-14 00:00:00+00:00,10,2023-11-04 00:00:00+00:00,2023-12-20 00:00:00+00:00,46,10,20.894,208.94,11.77777778,1,3,task_edit,file_upload,TRUE,6,task_edit,"calendar_view,comment,file_upload,task_create,task_edit",3,1,1
user_0012,FALSE,none,,2023-01-10 00:00:00+00:00,2023-02-18 00:00:00+00:00,39,14,24.32285714,340.52,8.230769231,0,5,comment,comment,TRUE,10,none,none,5,1,0
user_0013,FALSE,none,,2023-01-10 00:00:00+00:00,2023-03-28 00:00:00+00:00,77,13,11.81230769,153.56,8.25,1,16,task_create,calendar_view,TRUE,7,none,none,4,1,0
user_0014,FALSE,none,,2023-12-11 00:00:00+00:00,2024-02-02 00:00:00+00:00,53,4,15.7225,62.89,26.66666667,0,9,comment,calendar_view,TRUE,1,none,none,1,0,0
user_0015,FALSE,none,,2023-10-23 00:00:00+00:00,2024-03-11 00:00:00+00:00,140,6,27.23833333,163.43,19.8,0,19,task_edit,comment,TRUE,4,none,none,3,0,0
user_0016,FALSE,none,,2023-10-19 00:00:00+00:00,2024-01-24 00:00:00+00:00,97,12,20.26833333,243.22,10.09090909,0,1,task_create,comment,TRUE,8,none,none,4,1,0
user_0017,FALSE,none,,2023-07-05 00:00:00+00:00,2023-10-21 00:00:00+00:00,108,7,19.74,138.18,19,1,6,calendar_view,file_upload,TRUE,4,none,none,2,1,0
user_0018,TRUE,2023-09-09 00:00:00+00:00,14,2023-08-26 00:00:00+00:00,2023-10-18 00:00:00+00:00,53,11,21.19909091,233.19,11.9,1,0,task_create,task_edit,TRUE,8,task_create,"calendar_view,comment,task_create,task_edit",3,1,1
user_0019,TRUE,2023-10-27 00:00:00+00:00,18,2023-10-09 00:00:00+00:00,2023-11-12 00:00:00+00:00,34,5,15.538,77.69,26.75,0,10,task_edit,task_edit,TRUE,2,task_edit,"file_upload,task_create,task_edit",1,1,1
user_0020,TRUE,2023-11-11 00:00:00+00:00,54,2023-09-18 00:00:00+00:00,2023-10-18 00:00:00+00:00,30,8,34.88875,279.11,10.42857143,1,28,calendar_view,task_create,TRUE,3,"calendar_view,task_create,task_edit","task_create,task_edit",2,1,1
user_0021,FALSE,none,,2023-02-11 00:00:00+00:00,2023-04-02 00:00:00+00:00,50,8,15.00875,120.07,13.71428571,0,6,comment,task_edit,TRUE,6,none,none,2,1,0
user_0022,FALSE,none,,2023-08-16 00:00:00+00:00,2023-11-28 00:00:00+00:00,104,8,28.475,227.8,16.28571429,0,3,task_create,file_upload,TRUE,6,none,none,2,1,0
user_0023,FALSE,none,,2023-03-13 00:00:00+00:00,2023-04-26 00:00:00+00:00,44,12,26.8875,322.65,9.454545455,0,14,task_create,calendar_view,TRUE,7,none,none,3,1,0
user_0024,FALSE,none,,2023-05-18 00:00:00+00:00,2023-09-13 00:00:00+00:00,118,6,12.475,74.85,12.2,0,56,calendar_view,file_upload,TRUE,3,none,none,2,1,0
user_0025,FALSE,none,,2023-01-25 00:00:00+00:00,2023-06-05 00:00:00+00:00,131,12,25.93333333,311.2,9.181818182,0,4,calendar_view,comment,TRUE,8,none,none,5,1,0
user_0026,TRUE,2023-04-17 00:00:00+00:00,22,2023-03-26 00:00:00+00:00,2023-04-30 00:00:00+00:00,35,9,20.67777778,186.1,14.5,0,4,task_create,calendar_view,TRUE,6,"file_upload,task_create","calendar_view,comment,file_upload,task_edit",2,1,1
user_0027,FALSE,none,,2023-02-22 00:00:00+00:00,2023-07-19 00:00:00+00:00,147,8,18.10125,144.81,15.57142857,0,10,task_create,comment,TRUE,5,none,none,3,1,0
user_0028,FALSE,none,,2023-05-12 00:00:00+00:00,2023-09-02 00:00:00+00:00,113,12,18.8275,225.93,9.636363636,0,12,task_edit,task_edit,TRUE,5,none,none,3,1,0
user_0029,FALSE,none,,2023-02-24 00:00:00+00:00,2023-07-13 00:00:00+00:00,139,6,21.09333333,126.56,17.4,0,9,file_upload,comment,TRUE,3,none,none,1,1,0
user_0030,TRUE,2023-09-06 00:00:00+00:00,21,2023-08-16 00:00:00+00:00,2023-12-30 00:00:00+00:00,136,9,12.02777778,108.25,7.875,0,49,calendar_view,comment,TRUE,5,none,"calendar_view,comment,task_create,task_edit",3,1,1
user_0031,FALSE,none,,2023-04-16 00:00:00+00:00,2023-05-28 00:00:00+00:00,42,9,8.632222222,77.69,8.5,0,35,file_upload,calendar_view,TRUE,4,none,none,4,1,0
user_0032,FALSE,none,,2023-11-19 00:00:00+00:00,2023-12-19 00:00:00+00:00,30,15,22.18466667,332.77,6.285714286,2,19,comment,task_edit,TRUE,8,none,none,5,1,0
user_0033,FALSE,none,,2023-03-11 00:00:00+00:00,2023-05-25 00:00:00+00:00,75,10,20.195,201.95,12,0,9,calendar_view,comment,TRUE,5,none,none,4,1,0
user_0034,TRUE,2023-09-10 00:00:00+00:00,28,2023-08-13 00:00:00+00:00,2023-10-28 00:00:00+00:00,76,6,11.66666667,70,13,0,26,calendar_view,calendar_view,TRUE,3,calendar_view,"calendar_view,comment,file_upload,task_create,task_edit",1,1,1
user_0035,FALSE,none,,2023-10-12 00:00:00+00:00,2024-01-19 00:00:00+00:00,99,7,27.77857143,194.45,15.66666667,0,9,task_create,task_create,TRUE,5,none,none,2,1,0
user_0036,TRUE,2023-05-13 00:00:00+00:00,6,2023-05-07 00:00:00+00:00,2023-07-04 00:00:00+00:00,58,12,8.188333333,98.26,9.909090909,0,7,comment,task_edit,TRUE,8,none,"calendar_view,comment,file_upload,task_create,task_edit",5,1,1
user_0037,TRUE,2023-12-22 00:00:00+00:00,6,2023-12-16 00:00:00+00:00,2024-03-07 00:00:00+00:00,82,10,20.15,201.5,12.11111111,0,0,file_upload,file_upload,TRUE,7,"calendar_view,file_upload","calendar_view,comment,file_upload,task_create,task_edit",4,0,1
user_0038,FALSE,none,,2023-05-11 00:00:00+00:00,2023-10-08 00:00:00+00:00,150,16,16.148125,258.37,7,1,6,task_create,task_create,TRUE,10,none,none,4,1,0
user_0039,FALSE,none,,2023-11-26 00:00:00+00:00,2024-01-27 00:00:00+00:00,62,9,30.04444444,270.4,13.75,0,0,file_upload,calendar_view,TRUE,5,none,none,4,0,0
user_0040,TRUE,2023-08-02 00:00:00+00:00,38,2023-06-25 00:00:00+00:00,2023-08-12 00:00:00+00:00,48,11,20.67,227.37,10.8,0,11,file_upload,task_edit,TRUE,7,file_upload,"calendar_view,comment,file_upload,task_create,task_edit",3,1,1
user_0041,FALSE,none,,2023-08-05 00:00:00+00:00,2023-09-15 00:00:00+00:00,41,9,12.37777778,111.4,11.875,1,10,file_upload,task_edit,TRUE,6,none,none,3,1,0
user_0042,FALSE,none,,2023-11-10 00:00:00+00:00,2024-01-18 00:00:00+00:00,69,11,11.97272727,131.7,11.5,0,1,calendar_view,calendar_view,TRUE,3,none,none,3,1,0
user_0043,TRUE,2023-05-14 00:00:00+00:00,17,2023-04-27 00:00:00+00:00,2023-07-21 00:00:00+00:00,85,7,20.61571429,144.31,18.16666667,0,0,file_upload,calendar_view,TRUE,2,"calendar_view,file_upload","calendar_view,task_create,task_edit",1,1,1
user_0044,TRUE,2023-02-06 00:00:00+00:00,30,2023-01-07 00:00:00+00:00,2023-02-19 00:00:00+00:00,43,10,19.438,194.38,11.22222222,0,17,task_edit,task_create,TRUE,7,"comment,task_edit","calendar_view,file_upload,task_create,task_edit",3,1,1
user_0045,TRUE,2024-01-14 00:00:00+00:00,27,2023-12-18 00:00:00+00:00,2024-02-16 00:00:00+00:00,60,13,11.18538462,145.41,9,0,0,calendar_view,task_create,TRUE,9,"calendar_view,comment,file_upload","calendar_view,comment,file_upload,task_create,task_edit",4,0,1
user_0046,TRUE,2023-05-07 00:00:00+00:00,26,2023-04-11 00:00:00+00:00,2023-08-06 00:00:00+00:00,117,9,21.94777778,197.53,11.75,2,12,task_create,file_upload,TRUE,5,task_create,"file_upload,task_create,task_edit",3,1,1
user_0047,FALSE,none,,2023-04-10 00:00:00+00:00,2023-05-17 00:00:00+00:00,37,11,16.34636364,179.81,10.4,1,9,task_create,task_edit,TRUE,6,none,none,3,1,0
user_0048,FALSE,none,,2023-06-25 00:00:00+00:00,2023-11-07 00:00:00+00:00,135,11,22.95636364,252.52,10.7,1,12,calendar_view,task_create,TRUE,9,none,none,2,1,0
user_0049,TRUE,2023-06-25 00:00:00+00:00,6,2023-06-19 00:00:00+00:00,2023-10-31 00:00:00+00:00,134,6,32.605,195.63,18.6,0,9,comment,task_edit,TRUE,4,none,"comment,task_create,task_edit",3,1,1
user_0050,FALSE,none,,2023-09-10 00:00:00+00:00,2023-12-13 00:00:00+00:00,94,11,32.52818182,357.81,11.1,0,0,file_upload,task_create,TRUE,10,none,none,3,1,0
user_0051,FALSE,none,,2023-07-22 00:00:00+00:00,2023-09-07 00:00:00+00:00,47,11,7.52,82.72,9.7,2,11,file_upload,task_edit,TRUE,7,none,none,4,1,0
user_0052,TRUE,2023-10-28 00:00:00+00:00,46,2023-09-12 00:00:00+00:00,2023-12-26 00:00:00+00:00,105,4,19.005,76.02,36,0,6,file_upload,calendar_view,TRUE,3,file_upload,"calendar_view,comment,task_create",0,1,1
user_0053,FALSE,none,,2023-09-04 00:00:00+00:00,2023-10-31 00:00:00+00:00,57,9,19.80555556,178.25,9.75,1,22,comment,file_upload,TRUE,6,none,none,3,1,0
user_0054,FALSE,none,,2023-10-11 00:00:00+00:00,2024-01-23 00:00:00+00:00,104,12,29.9225,359.07,8.545454545,0,10,task_create,task_edit,TRUE,7,none,none,3,1,0
user_0055,FALSE,none,,2023-07-15 00:00:00+00:00,2023-08-30 00:00:00+00:00,46,6,10.48,62.88,11.4,0,61,file_upload,file_upload,TRUE,5,none,none,1,1,0
user_0056,FALSE,none,,2023-09-11 00:00:00+00:00,2023-12-11 00:00:00+00:00,91,8,15.06125,120.49,15.57142857,0,1,calendar_view,task_create,TRUE,4,none,none,4,1,0
user_0057,FALSE,none,,2023-03-14 00:00:00+00:00,2023-05-30 00:00:00+00:00,77,18,18.93166667,340.77,6.705882353,2,2,task_create,task_create,TRUE,11,none,none,5,1,0
user_0058,FALSE,none,,2023-09-17 00:00:00+00:00,2023-11-16 00:00:00+00:00,60,6,8.248333333,49.49,14.8,1,2,file_upload,comment,TRUE,5,none,none,2,1,0
user_0059,FALSE,none,,2023-04-09 00:00:00+00:00,2023-07-23 00:00:00+00:00,105,7,25.89285714,181.25,11.33333333,0,24,task_create,file_upload,TRUE,5,none,none,2,1,0
user_0060,FALSE,none,,2023-05-03 00:00:00+00:00,2023-09-06 00:00:00+00:00,126,5,10.728,53.64,11.5,0,36,comment,file_upload,TRUE,4,none,none,1,1,0
user_0061,TRUE,2023-09-12 00:00:00+00:00,45,2023-07-29 00:00:00+00:00,2023-09-02 00:00:00+00:00,35,7,13.24142857,92.69,14,0,12,calendar_view,comment,TRUE,4,"calendar_view,task_edit","comment,file_upload,task_create,task_edit",2,1,1
user_0062,FALSE,none,,2023-11-21 00:00:00+00:00,2024-02-03 00:00:00+00:00,74,9,18.46888889,166.22,11,0,4,file_upload,comment,TRUE,6,none,none,4,0,0
user_0063,TRUE,2023-05-29 00:00:00+00:00,44,2023-04-15 00:00:00+00:00,2023-07-11 00:00:00+00:00,87,14,24.79571429,347.14,9,1,1,calendar_view,comment,TRUE,10,"calendar_view,comment,file_upload","calendar_view,comment,file_upload,task_create,task_edit",5,1,1
user_0064,FALSE,none,,2023-02-19 00:00:00+00:00,2023-04-20 00:00:00+00:00,60,13,24.35538462,316.62,9.083333333,0,8,task_edit,file_upload,TRUE,11,none,none,4,1,0
user_0065,FALSE,none,,2023-04-05 00:00:00+00:00,2023-08-27 00:00:00+00:00,144,7,27.73142857,194.12,18,0,7,comment,calendar_view,TRUE,6,none,none,3,1,0
user_0066,TRUE,2023-11-04 00:00:00+00:00,36,2023-09-29 00:00:00+00:00,2023-12-29 00:00:00+00:00,91,9,21.76444444,195.88,12.625,0,8,task_create,comment,TRUE,7,"comment,task_create,task_edit","calendar_view,comment,file_upload,task_create",2,1,1
user_0067,FALSE,none,,2023-08-12 00:00:00+00:00,2023-11-02 00:00:00+00:00,82,11,20.29363636,223.23,7.7,1,4,task_create,task_create,TRUE,8,none,none,3,1,0
user_0068,TRUE,2024-01-11 00:00:00+00:00,44,2023-11-28 00:00:00+00:00,2023-12-29 00:00:00+00:00,31,10,8.885,88.85,12.66666667,1,1,task_create,task_create,TRUE,7,"calendar_view,file_upload,task_create,task_edit","calendar_view,file_upload,task_create",3,1,1
user_0069,FALSE,none,,2023-11-30 00:00:00+00:00,2024-02-15 00:00:00+00:00,77,15,18.49,277.35,7.142857143,0,16,comment,comment,TRUE,10,none,none,5,0,0
user_0070,TRUE,2023-03-20 00:00:00+00:00,32,2023-02-16 00:00:00+00:00,2023-06-11 00:00:00+00:00,115,9,12.82777778,115.45,12.25,0,10,comment,calendar_view,TRUE,6,"calendar_view,comment","calendar_view,comment,file_upload,task_create,task_edit",3,1,1
user_0071,FALSE,none,,2023-08-20 00:00:00+00:00,2023-12-24 00:00:00+00:00,126,9,12.85777778,115.72,12.75,0,1,calendar_view,calendar_view,TRUE,6,none,none,4,1,0
user_0072,TRUE,2023-02-02 00:00:00+00:00,24,2023-01-09 00:00:00+00:00,2023-02-10 00:00:00+00:00,32,13,22.18769231,288.44,7.5,0,23,calendar_view,calendar_view,TRUE,7,calendar_view,"calendar_view,comment,file_upload,task_create,task_edit",4,1,1
user_0073,FALSE,none,,2023-03-18 00:00:00+00:00,2023-06-05 00:00:00+00:00,79,6,10.78833333,64.73,18.4,0,5,comment,calendar_view,TRUE,4,none,none,1,1,0
user_0074,TRUE,2023-05-21 00:00:00+00:00,48,2023-04-03 00:00:00+00:00,2023-06-19 00:00:00+00:00,77,5,20.836,104.18,21.25,0,15,task_create,task_create,TRUE,3,"calendar_view,task_create","task_create,task_edit",1,1,1
user_0075,FALSE,none,,2023-08-31 00:00:00+00:00,2024-01-22 00:00:00+00:00,144,9,18.61,167.49,11.625,0,2,file_upload,file_upload,TRUE,5,none,none,3,1,0
user_0076,FALSE,none,,2023-06-22 00:00:00+00:00,2023-08-15 00:00:00+00:00,54,11,10.32,113.52,11.9,0,1,calendar_view,file_upload,TRUE,8,none,none,4,1,0
user_0077,TRUE,2023-08-12 00:00:00+00:00,55,2023-06-18 00:00:00+00:00,2023-08-09 00:00:00+00:00,52,10,33.148,331.48,11.11111111,1,18,task_create,calendar_view,TRUE,4,"comment,task_create","calendar_view,file_upload,task_edit",2,1,1
user_0078,FALSE,none,,2023-01-29 00:00:00+00:00,2023-05-21 00:00:00+00:00,112,11,16.67727273,183.45,10,0,19,calendar_view,task_edit,TRUE,7,none,none,4,1,0
user_0079,FALSE,none,,2023-08-14 00:00:00+00:00,2023-09-15 00:00:00+00:00,32,6,54.655,327.93,13.2,0,33,calendar_view,comment,TRUE,4,none,none,2,1,0
user_0080,FALSE,none,,2023-09-29 00:00:00+00:00,2024-02-12 00:00:00+00:00,136,7,14.56285714,101.94,15.5,0,8,comment,comment,TRUE,6,none,none,1,0,0
user_0081,FALSE,none,,2023-10-13 00:00:00+00:00,2024-01-23 00:00:00+00:00,102,13,21.93692308,285.18,8.166666667,0,0,comment,file_upload,TRUE,12,none,none,3,1,0
user_0082,FALSE,none,,2023-05-09 00:00:00+00:00,2023-10-02 00:00:00+00:00,146,4,21.135,84.54,22,0,14,task_create,comment,TRUE,3,none,none,1,1,0
user_0083,FALSE,none,,2023-06-07 00:00:00+00:00,2023-10-26 00:00:00+00:00,141,20,23.7045,474.09,6.315789474,2,0,calendar_view,comment,TRUE,12,none,none,5,1,0
user_0084,TRUE,2023-08-16 00:00:00+00:00,54,2023-06-23 00:00:00+00:00,2023-08-06 00:00:00+00:00,44,11,25.73363636,283.07,10.6,0,14,calendar_view,task_edit,TRUE,6,"calendar_view,comment,file_upload","calendar_view,comment,file_upload,task_create,task_edit",4,1,1
user_0085,FALSE,none,,2023-05-25 00:00:00+00:00,2023-06-26 00:00:00+00:00,32,11,15.40727273,169.48,9,0,5,task_edit,file_upload,TRUE,5,none,none,3,1,0
user_0086,FALSE,none,,2023-06-05 00:00:00+00:00,2023-08-30 00:00:00+00:00,86,12,21.065,252.78,10.27272727,2,5,calendar_view,task_edit,TRUE,6,none,none,4,1,0
user_0087,TRUE,2023-03-26 00:00:00+00:00,21,2023-03-05 00:00:00+00:00,2023-05-02 00:00:00+00:00,58,9,15.71333333,141.42,12.25,0,7,task_edit,task_edit,TRUE,5,task_edit,"calendar_view,file_upload,task_create,task_edit",4,1,1
user_0088,TRUE,2023-09-07 00:00:00+00:00,37,2023-08-01 00:00:00+00:00,2023-10-27 00:00:00+00:00,87,11,20.79454545,228.74,7.6,2,41,calendar_view,file_upload,TRUE,6,none,"calendar_view,comment,file_upload,task_create,task_edit",5,1,1
user_0089,FALSE,none,,2023-06-08 00:00:00+00:00,2023-11-05 00:00:00+00:00,150,16,20.321875,325.15,6.333333333,1,17,calendar_view,task_create,TRUE,10,none,none,5,1,0
user_0090,FALSE,none,,2023-05-08 00:00:00+00:00,2023-07-26 00:00:00+00:00,79,8,22.01,176.08,12,0,14,task_edit,file_upload,TRUE,5,none,none,3,1,0
user_0091,FALSE,none,,2023-12-19 00:00:00+00:00,2024-04-21 00:00:00+00:00,124,12,25.09833333,301.18,7.636363636,0,5,calendar_view,task_edit,TRUE,6,none,none,4,0,0
user_0092,FALSE,none,,2023-06-19 00:00:00+00:00,2023-10-07 00:00:00+00:00,110,4,12.875,51.5,31,0,23,comment,task_create,TRUE,3,none,none,0,1,0
user_0093,FALSE,none,,2023-02-18 00:00:00+00:00,2023-04-10 00:00:00+00:00,51,11,25.73909091,283.13,10.2,1,4,task_create,calendar_view,TRUE,7,none,none,4,1,0
user_0094,FALSE,none,,2023-02-20 00:00:00+00:00,2023-07-10 00:00:00+00:00,140,13,22.39076923,291.08,8.583333333,0,12,calendar_view,comment,TRUE,9,none,none,4,1,0
user_0095,FALSE,none,,2023-05-06 00:00:00+00:00,2023-08-29 00:00:00+00:00,115,16,21.791875,348.67,7.8,1,1,file_upload,calendar_view,TRUE,9,none,none,5,1,0
user_0096,FALSE,none,,2023-11-01 00:00:00+00:00,2024-03-28 00:00:00+00:00,148,5,19.224,96.12,7.5,1,48,calendar_view,calendar_view,TRUE,3,none,none,2,0,0
user_0097,TRUE,2023-05-13 00:00:00+00:00,46,2023-03-28 00:00:00+00:00,2023-06-15 00:00:00+00:00,79,9,19,171,13.375,0,13,task_create,comment,TRUE,5,"calendar_view,task_create,task_edit","comment,file_upload,task_create,task_edit",3,1,1
user_0098,TRUE,2023-10-16 00:00:00+00:00,44,2023-09-02 00:00:00+00:00,2023-12-13 00:00:00+00:00,102,11,19.01909091,209.21,11.8,0,2,task_edit,file_upload,TRUE,6,"calendar_view,comment,task_edit","comment,file_upload,task_edit",4,1,1
user_0099,FALSE,none,,2023-01-11 00:00:00+00:00,2023-02-11 00:00:00+00:00,31,10,23.437,234.37,10.77777778,0,17,task_edit,file_upload,TRUE,2,none,none,2,1,0
user_0100,FALSE,none,,2023-05-01 00:00:00+00:00,2023-07-26 00:00:00+00:00,86,12,38.97666667,467.72,10.27272727,1,5,task_create,file_upload,TRUE,8,none,none,4,1,0
user_0101,FALSE,none,,2023-02-21 00:00:00+00:00,2023-07-09 00:00:00+00:00,138,10,14.503,145.03,12.44444444,1,6,comment,task_edit,TRUE,8,none,none,3,1,0
user_0102,TRUE,2023-09-16 00:00:00+00:00,58,2023-07-20 00:00:00+00:00,2023-11-30 00:00:00+00:00,133,12,19.34916667,232.19,10.09090909,1,4,task_create,task_create,TRUE,9,"calendar_view,comment,file_upload,task_create,task_edit","task_create,task_edit",4,1,1
user_0103,FALSE,none,,2023-11-07 00:00:00+00:00,2024-01-13 00:00:00+00:00,67,9,26.06,234.54,9.875,1,3,file_upload,task_create,TRUE,4,none,none,3,1,0
user_0104,FALSE,none,,2023-02-08 00:00:00+00:00,2023-05-05 00:00:00+00:00,86,17,17.61823529,299.51,5.5625,4,29,task_create,comment,TRUE,15,none,none,4,1,0
user_0105,TRUE,2024-02-01 00:00:00+00:00,35,2023-12-28 00:00:00+00:00,2024-02-11 00:00:00+00:00,45,12,13.92166667,167.06,9.454545455,1,15,calendar_view,comment,TRUE,5,"calendar_view,file_upload,task_edit","comment,task_create,task_edit",4,0,1
user_0106,TRUE,2023-05-16 00:00:00+00:00,19,2023-04-27 00:00:00+00:00,2023-08-08 00:00:00+00:00,103,7,9.935714286,69.55,14.33333333,0,2,file_upload,file_upload,TRUE,5,"file_upload,task_edit","comment,file_upload,task_edit",2,1,1
user_0107,TRUE,2024-01-22 00:00:00+00:00,60,2023-11-23 00:00:00+00:00,2023-12-31 00:00:00+00:00,38,8,21.25625,170.05,16.28571429,0,5,calendar_view,task_edit,TRUE,6,"calendar_view,comment","comment,task_create,task_edit",2,1,1
user_0108,TRUE,2023-11-27 00:00:00+00:00,18,2023-11-09 00:00:00+00:00,2024-02-15 00:00:00+00:00,98,7,19.16428571,134.15,14.5,0,15,task_create,task_create,TRUE,6,task_create,"file_upload,task_create,task_edit",1,0,1
user_0109,FALSE,none,,2023-07-05 00:00:00+00:00,2023-11-10 00:00:00+00:00,128,12,11.49333333,137.92,8,2,22,task_create,comment,TRUE,10,none,none,4,1,0
user_0110,FALSE,none,,2023-06-27 00:00:00+00:00,2023-08-07 00:00:00+00:00,41,7,15.90428571,111.33,9.333333333,1,22,comment,comment,TRUE,4,none,none,2,1,0
user_0111,TRUE,2023-12-28 00:00:00+00:00,7,2023-12-21 00:00:00+00:00,2024-01-23 00:00:00+00:00,33,13,24.88230769,323.47,7.416666667,0,18,comment,calendar_view,TRUE,9,none,"calendar_view,comment,task_create,task_edit",4,1,1
user_0112,TRUE,2023-08-11 00:00:00+00:00,10,2023-08-01 00:00:00+00:00,2023-10-13 00:00:00+00:00,73,13,15.74153846,204.64,5.5,1,52,comment,calendar_view,TRUE,8,none,"calendar_view,comment,file_upload,task_create,task_edit",3,1,1
user_0113,FALSE,none,,2023-12-20 00:00:00+00:00,2024-03-26 00:00:00+00:00,97,16,23.035,368.56,7.466666667,0,0,calendar_view,task_edit,TRUE,9,none,none,5,0,0
user_0114,FALSE,none,,2023-09-14 00:00:00+00:00,2023-12-28 00:00:00+00:00,105,7,14.85142857,103.96,18.16666667,0,1,file_upload,comment,TRUE,5,none,none,1,1,0
user_0115,FALSE,none,,2023-06-19 00:00:00+00:00,2023-09-29 00:00:00+00:00,102,7,13.97857143,97.85,17.66666667,0,8,comment,comment,TRUE,5,none,none,2,1,0
user_0116,TRUE,2023-05-23 00:00:00+00:00,17,2023-05-06 00:00:00+00:00,2023-07-15 00:00:00+00:00,70,8,14.66,117.28,11.71428571,0,2,task_create,calendar_view,TRUE,1,"calendar_view,task_create","calendar_view,task_edit",2,1,1
user_0117,TRUE,2023-09-03 00:00:00+00:00,51,2023-07-14 00:00:00+00:00,2023-10-19 00:00:00+00:00,97,10,15.194,151.94,10.77777778,1,19,task_create,task_create,TRUE,7,"comment,task_create","calendar_view,task_create,task_edit",3,1,1
user_0118,FALSE,none,,2023-01-23 00:00:00+00:00,2023-05-31 00:00:00+00:00,128,7,17.90285714,125.32,15.83333333,0,20,task_create,task_edit,TRUE,6,none,none,2,1,0
user_0119,FALSE,none,,2023-06-01 00:00:00+00:00,2023-10-01 00:00:00+00:00,122,11,32.65181818,359.17,11.2,0,3,comment,task_create,TRUE,10,none,none,2,1,0
user_0120,FALSE,none,,2023-03-12 00:00:00+00:00,2023-06-26 00:00:00+00:00,106,5,16.602,83.01,13.75,0,56,task_edit,file_upload,TRUE,2,none,none,1,1,0
user_0121,TRUE,2024-02-12 00:00:00+00:00,53,2023-12-21 00:00:00+00:00,2024-02-23 00:00:00+00:00,64,12,18.94333333,227.32,9.909090909,0,0,calendar_view,comment,TRUE,6,"calendar_view,file_upload,task_edit","comment,file_upload",4,0,1
user_0122,TRUE,2023-02-26 00:00:00+00:00,8,2023-02-18 00:00:00+00:00,2023-05-16 00:00:00+00:00,87,7,20.99285714,146.95,13.5,0,24,file_upload,task_create,TRUE,6,none,"comment,file_upload,task_create,task_edit",2,1,1
user_0123,TRUE,2023-12-22 00:00:00+00:00,8,2023-12-14 00:00:00+00:00,2024-04-08 00:00:00+00:00,116,10,18.3,183,11.88888889,1,13,file_upload,task_edit,TRUE,6,none,"calendar_view,comment,file_upload,task_edit",3,0,1
user_0124,FALSE,none,,2023-12-17 00:00:00+00:00,2024-04-08 00:00:00+00:00,113,13,28.49461538,370.43,6.916666667,1,5,calendar_view,comment,TRUE,8,none,none,3,0,0
user_0125,FALSE,none,,2023-08-17 00:00:00+00:00,2023-09-21 00:00:00+00:00,35,8,11.67125,93.37,14.42857143,0,13,task_edit,calendar_view,TRUE,5,none,none,2,1,0
user_0126,FALSE,none,,2023-10-01 00:00:00+00:00,2023-12-05 00:00:00+00:00,65,9,29.48,265.32,10.5,0,20,comment,file_upload,TRUE,7,none,none,2,1,0
user_0127,FALSE,none,,2023-10-31 00:00:00+00:00,2024-03-28 00:00:00+00:00,149,14,20.47642857,286.67,6.923076923,1,21,comment,comment,TRUE,10,none,none,5,0,0
user_0128,TRUE,2023-12-14 00:00:00+00:00,13,2023-12-01 00:00:00+00:00,2024-03-22 00:00:00+00:00,112,14,30.60142857,428.42,7.076923077,0,17,comment,task_edit,TRUE,9,none,"calendar_view,comment,file_upload,task_create,task_edit",5,0,1
user_0129,TRUE,2023-12-29 00:00:00+00:00,39,2023-11-20 00:00:00+00:00,2024-02-19 00:00:00+00:00,91,4,26.75,107,37.33333333,0,3,comment,task_edit,TRUE,2,comment,"file_upload,task_edit",1,0,1
user_0130,TRUE,2023-03-08 00:00:00+00:00,35,2023-02-01 00:00:00+00:00,2023-04-23 00:00:00+00:00,81,4,5.7525,23.01,18.33333333,0,0,file_upload,calendar_view,TRUE,1,"calendar_view,file_upload,task_edit",calendar_view,1,1,1
user_0131,TRUE,2023-10-17 00:00:00+00:00,40,2023-09-07 00:00:00+00:00,2023-11-14 00:00:00+00:00,68,9,16.46555556,148.19,14.625,0,0,task_edit,file_upload,TRUE,5,"calendar_view,task_edit","calendar_view,comment,file_upload",2,1,1
user_0132,FALSE,none,,2023-02-04 00:00:00+00:00,2023-04-27 00:00:00+00:00,82,10,15.597,155.97,11.11111111,0,6,task_create,calendar_view,TRUE,4,none,none,3,1,0
user_0133,TRUE,2023-06-08 00:00:00+00:00,41,2023-04-28 00:00:00+00:00,2023-07-02 00:00:00+00:00,65,9,19.64,176.76,14,1,1,comment,task_create,TRUE,8,"comment,file_upload,task_create","calendar_view,comment,file_upload,task_create",3,1,1
user_0134,TRUE,2023-12-03 00:00:00+00:00,16,2023-11-17 00:00:00+00:00,2024-02-15 00:00:00+00:00,90,10,16.644,166.44,10.66666667,0,3,calendar_view,comment,TRUE,8,"calendar_view,comment","calendar_view,comment,file_upload,task_create",3,0,1
user_0135,TRUE,2023-08-04 00:00:00+00:00,53,2023-06-12 00:00:00+00:00,2023-09-17 00:00:00+00:00,97,6,15.10666667,90.64,16.8,0,9,task_create,file_upload,TRUE,4,"file_upload,task_create,task_edit","calendar_view,file_upload",2,1,1
user_0136,FALSE,none,,2023-05-29 00:00:00+00:00,2023-07-07 00:00:00+00:00,39,10,23.327,233.27,9.888888889,0,0,task_edit,comment,TRUE,4,none,none,4,1,0
user_0137,FALSE,none,,2023-09-25 00:00:00+00:00,2023-12-19 00:00:00+00:00,85,6,10.47666667,62.86,18.2,0,27,task_create,calendar_view,TRUE,5,none,none,2,1,0
user_0138,FALSE,none,,2023-04-15 00:00:00+00:00,2023-07-07 00:00:00+00:00,83,9,14.85555556,133.7,9.375,1,38,comment,comment,TRUE,8,none,none,2,1,0
user_0139,TRUE,2023-06-02 00:00:00+00:00,53,2023-04-10 00:00:00+00:00,2023-05-12 00:00:00+00:00,32,7,18.11285714,126.79,18.33333333,0,10,task_create,comment,TRUE,4,"comment,task_create","calendar_view,comment,task_create,task_edit",3,1,1
user_0140,FALSE,none,,2023-09-24 00:00:00+00:00,2023-11-18 00:00:00+00:00,55,11,27.26727273,299.94,9.9,0,21,task_edit,task_create,TRUE,6,none,none,3,1,0
user_0141,FALSE,none,,2023-06-09 00:00:00+00:00,2023-09-15 00:00:00+00:00,98,8,26.08875,208.71,12.42857143,0,10,calendar_view,file_upload,TRUE,3,none,none,2,1,0
user_0142,FALSE,none,,2023-05-08 00:00:00+00:00,2023-08-31 00:00:00+00:00,115,6,16.34333333,98.06,20.2,0,6,task_edit,comment,TRUE,3,none,none,2,1,0
user_0143,FALSE,none,,2023-10-05 00:00:00+00:00,2023-11-06 00:00:00+00:00,32,8,14.3625,114.9,14.28571429,1,11,file_upload,task_create,TRUE,5,none,none,2,1,0
user_0144,FALSE,none,,2023-03-04 00:00:00+00:00,2023-04-24 00:00:00+00:00,51,6,17.595,105.57,17.6,0,9,file_upload,task_create,TRUE,4,none,none,1,1,0
user_0145,FALSE,none,,2023-09-14 00:00:00+00:00,2024-01-27 00:00:00+00:00,135,8,18.75875,150.07,15.85714286,0,0,comment,calendar_view,TRUE,2,none,none,2,0,0
user_0146,FALSE,none,,2023-11-24 00:00:00+00:00,2024-01-10 00:00:00+00:00,47,10,16.4,164,13,2,3,calendar_view,file_upload,TRUE,6,none,none,4,1,0
user_0147,FALSE,none,,2023-11-08 00:00:00+00:00,2024-03-10 00:00:00+00:00,123,6,12.67666667,76.06,18.6,0,7,task_edit,task_create,TRUE,4,none,none,1,0,0
user_0148,TRUE,2023-11-20 00:00:00+00:00,46,2023-10-05 00:00:00+00:00,2024-02-24 00:00:00+00:00,142,14,12.76285714,178.68,8.307692308,1,11,comment,task_edit,TRUE,7,"calendar_view,comment,task_create","calendar_view,comment,file_upload,task_create,task_edit",4,0,1
user_0149,FALSE,none,,2023-01-06 00:00:00+00:00,2023-05-04 00:00:00+00:00,118,13,21.76076923,282.89,9.416666667,1,1,calendar_view,comment,TRUE,8,none,none,4,1,0
user_0150,TRUE,2024-01-13 00:00:00+00:00,53,2023-11-21 00:00:00+00:00,2024-04-16 00:00:00+00:00,147,10,16.071,160.71,11.11111111,0,4,task_edit,task_edit,TRUE,4,"calendar_view,comment,file_upload,task_edit","calendar_view,comment,file_upload,task_edit",4,0,1
user_0151,FALSE,none,,2023-07-14 00:00:00+00:00,2023-11-23 00:00:00+00:00,132,7,23.94285714,167.6,12,0,32,file_upload,task_edit,TRUE,3,none,none,1,1,0
user_0152,FALSE,none,,2023-02-27 00:00:00+00:00,2023-06-29 00:00:00+00:00,122,7,19.34,135.38,18.66666667,0,6,comment,task_create,TRUE,6,none,none,2,1,0
user_0153,TRUE,2023-04-11 00:00:00+00:00,34,2023-03-08 00:00:00+00:00,2023-05-30 00:00:00+00:00,83,16,17.526875,280.43,6.866666667,1,9,calendar_view,calendar_view,TRUE,8,"calendar_view,comment,task_create","calendar_view,comment,task_create,task_edit",4,1,1
user_0154,FALSE,none,,2023-05-05 00:00:00+00:00,2023-09-28 00:00:00+00:00,146,13,14.37923077,186.93,9.333333333,0,3,calendar_view,comment,TRUE,5,none,none,4,1,0
user_0155,FALSE,none,,2023-01-29 00:00:00+00:00,2023-04-06 00:00:00+00:00,67,10,14.25,142.5,12.66666667,0,5,file_upload,file_upload,TRUE,5,none,none,2,1,0
user_0156,FALSE,none,,2023-01-18 00:00:00+00:00,2023-03-07 00:00:00+00:00,48,8,9.19125,73.53,14.14285714,0,16,task_create,task_edit,TRUE,6,none,none,3,1,0
user_0157,TRUE,2023-03-31 00:00:00+00:00,24,2023-03-07 00:00:00+00:00,2023-07-28 00:00:00+00:00,143,10,15.85,158.5,9.666666667,0,27,task_create,calendar_view,TRUE,4,none,"calendar_view,comment,task_create,task_edit",4,1,1
user_0158,FALSE,none,,2023-10-30 00:00:00+00:00,2024-03-04 00:00:00+00:00,126,10,23.46,234.6,11,0,16,task_create,calendar_view,TRUE,5,none,none,4,0,0
user_0159,TRUE,2023-04-28 00:00:00+00:00,59,2023-02-28 00:00:00+00:00,2023-06-20 00:00:00+00:00,112,16,16.855,269.68,7.733333333,1,0,calendar_view,task_create,TRUE,11,"calendar_view,comment,file_upload,task_create,task_edit","file_upload,task_create,task_edit",4,1,1
user_0160,FALSE,none,,2023-02-21 00:00:00+00:00,2023-07-20 00:00:00+00:00,149,9,23.47555556,211.28,11.625,0,17,calendar_view,file_upload,TRUE,3,none,none,1,1,0
user_0161,FALSE,none,,2023-10-28 00:00:00+00:00,2024-01-27 00:00:00+00:00,91,11,27.61090909,303.72,10.6,1,6,comment,calendar_view,TRUE,6,none,none,3,0,0
user_0162,FALSE,none,,2023-05-25 00:00:00+00:00,2023-10-01 00:00:00+00:00,129,8,28.07875,224.63,9.428571429,0,43,task_edit,calendar_view,TRUE,4,none,none,2,1,0
user_0163,FALSE,none,,2023-10-10 00:00:00+00:00,2024-02-17 00:00:00+00:00,130,7,13.17857143,92.25,14.33333333,0,18,calendar_view,file_upload,TRUE,5,none,none,2,0,0
user_0164,FALSE,none,,2023-02-06 00:00:00+00:00,2023-06-15 00:00:00+00:00,129,8,19.36625,154.93,10.14285714,0,22,calendar_view,task_create,TRUE,5,none,none,3,1,0
user_0165,FALSE,none,,2023-04-22 00:00:00+00:00,2023-07-24 00:00:00+00:00,93,13,18.83384615,244.84,9.166666667,1,9,task_edit,comment,TRUE,8,none,none,4,1,0
user_0166,FALSE,none,,2023-08-05 00:00:00+00:00,2023-09-07 00:00:00+00:00,33,8,20.1775,161.42,13.42857143,0,14,task_create,file_upload,TRUE,5,none,none,3,1,0
user_0167,TRUE,2023-10-22 00:00:00+00:00,55,2023-08-28 00:00:00+00:00,2024-01-01 00:00:00+00:00,126,12,10.78166667,129.38,10,0,9,file_upload,task_edit,TRUE,8,"calendar_view,comment,file_upload,task_create,task_edit","calendar_view,file_upload,task_create,task_edit",4,1,1
user_0168,FALSE,none,,2023-12-25 00:00:00+00:00,2024-02-11 00:00:00+00:00,48,9,14.66777778,132.01,8.875,0,39,task_create,task_edit,TRUE,7,none,none,1,0,0
user_0169,FALSE,none,,2023-03-22 00:00:00+00:00,2023-08-10 00:00:00+00:00,141,7,17.52,122.64,14.33333333,1,1,calendar_view,comment,TRUE,5,none,none,3,1,0
user_0170,TRUE,2023-06-02 00:00:00+00:00,40,2023-04-23 00:00:00+00:00,2023-08-14 00:00:00+00:00,113,6,24.58666667,147.52,21.4,0,12,task_create,task_create,TRUE,4,"file_upload,task_create","comment,task_create,task_edit",2,1,1
user_0171,FALSE,none,,2023-12-13 00:00:00+00:00,2024-02-15 00:00:00+00:00,64,8,21.76875,174.15,14.14285714,0,18,calendar_view,comment,TRUE,3,none,none,3,0,0
user_0172,FALSE,none,,2023-09-30 00:00:00+00:00,2024-02-25 00:00:00+00:00,148,8,10.13625,81.09,15.85714286,0,4,calendar_view,task_edit,TRUE,4,none,none,2,0,0
user_0173,TRUE,2023-06-05 00:00:00+00:00,50,2023-04-16 00:00:00+00:00,2023-06-10 00:00:00+00:00,55,13,15.55846154,202.26,9.916666667,0,1,task_edit,task_edit,TRUE,6,"calendar_view,file_upload,task_edit","calendar_view,comment,task_create,task_edit",4,1,1
user_0174,TRUE,2023-05-22 00:00:00+00:00,22,2023-04-30 00:00:00+00:00,2023-07-10 00:00:00+00:00,71,12,20.96916667,251.63,9.818181818,0,8,task_edit,comment,TRUE,7,task_edit,"calendar_view,comment,file_upload,task_create,task_edit",5,1,1
user_0175,FALSE,none,,2023-03-10 00:00:00+00:00,2023-06-18 00:00:00+00:00,100,8,29.7925,238.34,14.85714286,0,10,calendar_view,file_upload,TRUE,6,none,none,3,1,0
user_0176,TRUE,2023-08-22 00:00:00+00:00,46,2023-07-07 00:00:00+00:00,2023-08-12 00:00:00+00:00,36,10,8.784,87.84,12.22222222,0,2,comment,task_edit,TRUE,6,"calendar_view,comment,file_upload,task_edit","file_upload,task_create,task_edit",3,1,1
user_0177,FALSE,none,,2023-04-10 00:00:00+00:00,2023-05-12 00:00:00+00:00,32,13,20.61923077,268.05,8.916666667,0,12,comment,calendar_view,TRUE,8,none,none,4,1,0
user_0178,FALSE,none,,2023-04-29 00:00:00+00:00,2023-06-16 00:00:00+00:00,48,10,44.566,445.66,12.44444444,0,5,comment,file_upload,TRUE,7,none,none,3,1,0
user_0179,FALSE,none,,2023-10-31 00:00:00+00:00,2024-03-06 00:00:00+00:00,127,11,11.71818182,128.9,10.6,1,8,comment,task_create,TRUE,7,none,none,3,0,0
user_0180,TRUE,2023-09-14 00:00:00+00:00,52,2023-07-24 00:00:00+00:00,2023-09-03 00:00:00+00:00,41,8,15.755,126.04,14.71428571,1,16,calendar_view,comment,TRUE,4,"calendar_view,comment","comment,task_create,task_edit",4,1,1
user_0181,FALSE,none,,2023-09-20 00:00:00+00:00,2023-12-28 00:00:00+00:00,99,9,10.46,94.14,10.625,0,31,comment,task_edit,TRUE,4,none,none,2,1,0
user_0182,FALSE,none,,2023-01-23 00:00:00+00:00,2023-03-02 00:00:00+00:00,38,8,13.7425,109.94,15.85714286,0,2,task_edit,task_create,TRUE,5,none,none,3,1,0
user_0183,FALSE,none,,2023-01-26 00:00:00+00:00,2023-03-18 00:00:00+00:00,51,8,33.05875,264.47,14.85714286,0,14,calendar_view,comment,TRUE,5,none,none,3,1,0
user_0184,FALSE,none,,2023-11-26 00:00:00+00:00,2024-04-20 00:00:00+00:00,146,6,34.715,208.29,16.6,0,34,file_upload,task_edit,TRUE,2,none,none,1,0,0
user_0185,FALSE,none,,2023-07-31 00:00:00+00:00,2023-11-01 00:00:00+00:00,93,8,11.155,89.24,14.14285714,0,12,task_create,file_upload,TRUE,7,none,none,2,1,0
user_0186,FALSE,none,,2023-12-15 00:00:00+00:00,2024-04-01 00:00:00+00:00,108,12,20.53833333,246.46,9.454545455,1,8,task_create,calendar_view,TRUE,11,none,none,3,0,0
user_0187,FALSE,none,,2023-04-02 00:00:00+00:00,2023-08-30 00:00:00+00:00,150,13,22.50769231,292.6,9.583333333,0,1,comment,task_edit,TRUE,8,none,none,4,1,0
user_0188,FALSE,none,,2023-04-14 00:00:00+00:00,2023-05-21 00:00:00+00:00,37,11,28.34636364,311.81,11.6,0,1,comment,calendar_view,TRUE,9,none,none,3,1,0
user_0189,FALSE,none,,2023-04-06 00:00:00+00:00,2023-05-24 00:00:00+00:00,48,8,11.7025,93.62,13.57142857,2,14,comment,file_upload,TRUE,5,none,none,3,1,0
user_0190,FALSE,none,,2023-12-18 00:00:00+00:00,2024-05-16 00:00:00+00:00,150,3,10.12666667,30.38,33.5,0,42,calendar_view,calendar_view,FALSE,0,none,none,1,0,0
user_0191,FALSE,none,,2023-03-13 00:00:00+00:00,2023-08-04 00:00:00+00:00,144,9,15.89,143.01,10.5,0,1,task_edit,calendar_view,TRUE,4,none,none,3,1,0
user_0192,FALSE,none,,2023-11-27 00:00:00+00:00,2024-02-05 00:00:00+00:00,70,10,12.383,123.83,11.77777778,0,3,task_create,comment,TRUE,8,none,none,3,0,0
user_0193,TRUE,2023-03-30 00:00:00+00:00,7,2023-03-23 00:00:00+00:00,2023-06-11 00:00:00+00:00,80,12,22.26083333,267.13,10.72727273,0,1,comment,task_edit,TRUE,7,comment,"calendar_view,comment,file_upload,task_create,task_edit",3,1,1
user_0194,FALSE,none,,2023-03-28 00:00:00+00:00,2023-06-29 00:00:00+00:00,93,8,11.16,89.28,15.85714286,0,8,comment,file_upload,TRUE,5,none,none,2,1,0
user_0195,FALSE,none,,2023-01-24 00:00:00+00:00,2023-03-17 00:00:00+00:00,52,13,17.59769231,228.77,8.5,0,17,comment,comment,TRUE,10,none,none,3,1,0
user_0196,FALSE,none,,2023-07-23 00:00:00+00:00,2023-11-03 00:00:00+00:00,103,8,27.0925,216.74,14.42857143,1,2,file_upload,task_create,TRUE,6,none,none,2,1,0
user_0197,FALSE,none,,2023-06-13 00:00:00+00:00,2023-09-24 00:00:00+00:00,103,10,24.713,247.13,10.66666667,0,20,task_edit,comment,TRUE,5,none,none,4,1,0
user_0198,FALSE,none,,2023-11-28 00:00:00+00:00,2024-04-15 00:00:00+00:00,139,6,18.63666667,111.82,21.4,0,7,comment,task_edit,TRUE,3,none,none,2,0,0
user_0199,FALSE,none,,2023-10-09 00:00:00+00:00,2024-02-18 00:00:00+00:00,132,11,19.27454545,212.02,9.1,2,17,comment,task_edit,TRUE,6,none,none,3,0,0
user_0200,FALSE,none,,2023-10-26 00:00:00+00:00,2024-02-08 00:00:00+00:00,105,9,12.88333333,115.95,14.375,0,3,task_create,task_edit,TRUE,6,none,none,2,0,0
user_0201,FALSE,none,,2023-04-14 00:00:00+00:00,2023-05-17 00:00:00+00:00,33,8,18.11625,144.93,15.85714286,0,0,calendar_view,task_create,TRUE,2,none,none,3,1,0
user_0202,FALSE,none,,2023-12-11 00:00:00+00:00,2024-04-14 00:00:00+00:00,125,5,5.594,27.97,29,0,3,calendar_view,comment,TRUE,3,none,none,1,0,0
user_0203,FALSE,none,,2023-12-08 00:00:00+00:00,2024-02-25 00:00:00+00:00,79,9,23.69777778,213.28,12.5,0,6,task_edit,file_upload,TRUE,6,none,none,3,0,0
user_0204,FALSE,none,,2023-05-21 00:00:00+00:00,2023-07-08 00:00:00+00:00,48,9,18.48,166.32,12,0,15,task_edit,file_upload,TRUE,5,none,none,4,1,0
user_0205,FALSE,none,,2023-08-13 00:00:00+00:00,2023-11-22 00:00:00+00:00,101,9,27.30111111,245.71,6.5,0,53,task_create,file_upload,TRUE,5,none,none,3,1,0
user_0206,FALSE,none,,2023-03-02 00:00:00+00:00,2023-05-01 00:00:00+00:00,60,12,22.46916667,269.63,8.090909091,0,12,comment,comment,TRUE,6,none,none,3,1,0
user_0207,FALSE,none,,2023-07-13 00:00:00+00:00,2023-12-06 00:00:00+00:00,146,10,15.012,150.12,10.33333333,1,3,task_edit,task_edit,TRUE,5,none,none,2,1,0
user_0208,FALSE,none,,2023-05-24 00:00:00+00:00,2023-08-17 00:00:00+00:00,85,10,17.788,177.88,11.88888889,0,3,file_upload,calendar_view,TRUE,4,none,none,3,1,0
user_0209,FALSE,none,,2023-10-09 00:00:00+00:00,2024-02-13 00:00:00+00:00,127,9,20.71666667,186.45,14,0,5,task_edit,file_upload,TRUE,5,none,none,4,0,0
user_0210,TRUE,2024-01-27 00:00:00+00:00,29,2023-12-29 00:00:00+00:00,2024-04-02 00:00:00+00:00,95,10,13.458,134.58,12.11111111,1,6,comment,calendar_view,TRUE,8,comment,"calendar_view,file_upload,task_create,task_edit",3,0,1
user_0211,FALSE,none,,2023-01-28 00:00:00+00:00,2023-04-02 00:00:00+00:00,64,14,26.47285714,370.62,8.692307692,2,2,comment,task_edit,TRUE,7,none,none,4,1,0
user_0212,FALSE,none,,2023-02-09 00:00:00+00:00,2023-04-29 00:00:00+00:00,79,5,20.13,100.65,20.5,0,29,calendar_view,comment,TRUE,2,none,none,2,1,0
user_0213,TRUE,2023-03-27 00:00:00+00:00,31,2023-02-24 00:00:00+00:00,2023-06-08 00:00:00+00:00,104,10,23.904,239.04,11.88888889,0,11,file_upload,file_upload,TRUE,5,"file_upload,task_edit","calendar_view,comment,file_upload,task_create,task_edit",3,1,1
user_0214,TRUE,2023-02-21 00:00:00+00:00,13,2023-02-08 00:00:00+00:00,2023-05-19 00:00:00+00:00,100,7,29.43,206.01,9.166666667,1,15,calendar_view,file_upload,TRUE,2,none,"calendar_view,comment,file_upload",1,1,1
user_0215,FALSE,none,,2023-03-07 00:00:00+00:00,2023-07-28 00:00:00+00:00,143,9,30.94777778,278.53,11.75,0,23,calendar_view,calendar_view,TRUE,2,none,none,3,1,0
user_0216,FALSE,none,,2023-02-28 00:00:00+00:00,2023-07-21 00:00:00+00:00,143,8,23.05125,184.41,15.28571429,0,6,file_upload,file_upload,TRUE,6,none,none,3,1,0
user_0217,TRUE,2023-08-02 00:00:00+00:00,16,2023-07-17 00:00:00+00:00,2023-10-22 00:00:00+00:00,97,9,10.34333333,93.09,11.25,1,16,task_edit,file_upload,TRUE,5,none,"calendar_view,comment,file_upload,task_create,task_edit",4,1,1
user_0218,TRUE,2023-04-26 00:00:00+00:00,38,2023-03-19 00:00:00+00:00,2023-06-04 00:00:00+00:00,77,14,22.1,309.4,7.846153846,1,16,task_create,comment,TRUE,10,"task_create,task_edit","calendar_view,comment,file_upload,task_create,task_edit",4,1,1
user_0219,FALSE,none,,2023-06-18 00:00:00+00:00,2023-08-09 00:00:00+00:00,52,7,12.20285714,85.42,18.66666667,0,8,file_upload,file_upload,TRUE,4,none,none,2,1,0
user_0220,FALSE,none,,2023-05-03 00:00:00+00:00,2023-08-02 00:00:00+00:00,91,20,15.963,319.26,5.894736842,1,6,calendar_view,calendar_view,TRUE,10,none,none,5,1,0
user_0221,FALSE,none,,2023-03-11 00:00:00+00:00,2023-06-18 00:00:00+00:00,99,15,30.124,451.86,5.214285714,0,20,task_create,calendar_view,TRUE,12,none,none,4,1,0
user_0222,FALSE,none,,2023-12-21 00:00:00+00:00,2024-03-24 00:00:00+00:00,94,17,26.30294118,447.15,7.25,1,4,calendar_view,task_create,TRUE,9,none,none,5,0,0
user_0223,FALSE,none,,2023-03-21 00:00:00+00:00,2023-07-11 00:00:00+00:00,112,15,9.753333333,146.3,8.285714286,0,2,task_edit,comment,TRUE,10,none,none,4,1,0
user_0224,FALSE,none,,2023-12-17 00:00:00+00:00,2024-01-29 00:00:00+00:00,43,12,10.33916667,124.07,9.636363636,1,1,task_edit,file_upload,TRUE,9,none,none,3,0,0
user_0225,FALSE,none,,2023-01-07 00:00:00+00:00,2023-04-05 00:00:00+00:00,88,9,28.72222222,258.5,13,0,15,task_edit,file_upload,TRUE,4,none,none,2,1,0
user_0226,TRUE,2023-11-24 00:00:00+00:00,21,2023-11-03 00:00:00+00:00,2023-12-20 00:00:00+00:00,47,5,10.438,52.19,16.5,0,41,comment,task_edit,TRUE,3,none,"comment,task_create,task_edit",2,1,1
user_0227,FALSE,none,,2023-07-25 00:00:00+00:00,2023-12-22 00:00:00+00:00,150,14,20.985,293.79,7.538461538,0,3,calendar_view,calendar_view,TRUE,10,none,none,4,1,0
user_0228,FALSE,none,,2023-07-06 00:00:00+00:00,2023-11-20 00:00:00+00:00,137,12,15.95833333,191.5,9.363636364,0,0,calendar_view,task_edit,TRUE,5,none,none,4,1,0
user_0229,TRUE,2024-01-20 00:00:00+00:00,29,2023-12-22 00:00:00+00:00,2024-05-18 00:00:00+00:00,148,8,15.28375,122.27,13.71428571,0,7,file_upload,calendar_view,TRUE,4,file_upload,"calendar_view,file_upload,task_create,task_edit",3,0,1
user_0230,TRUE,2023-07-06 00:00:00+00:00,41,2023-05-26 00:00:00+00:00,2023-08-14 00:00:00+00:00,80,5,11,55,25.75,0,8,task_edit,task_edit,TRUE,2,task_edit,"comment,task_edit",2,1,1
user_0231,FALSE,none,,2023-05-24 00:00:00+00:00,2023-08-11 00:00:00+00:00,79,10,18.547,185.47,10.55555556,0,23,task_edit,calendar_view,TRUE,4,none,none,4,1,0
user_0232,FALSE,none,,2023-11-22 00:00:00+00:00,2024-03-04 00:00:00+00:00,103,12,35.04416667,420.53,9.181818182,2,1,comment,comment,TRUE,9,none,none,3,0,0
user_0233,FALSE,none,,2023-05-03 00:00:00+00:00,2023-09-03 00:00:00+00:00,123,13,21.61384615,280.98,8.333333333,0,19,calendar_view,task_create,TRUE,3,none,none,3,1,0
user_0234,FALSE,none,,2023-12-15 00:00:00+00:00,2024-03-11 00:00:00+00:00,87,6,11.465,68.79,10.2,0,10,task_edit,calendar_view,TRUE,3,none,none,2,0,0
user_0235,FALSE,none,,2023-04-28 00:00:00+00:00,2023-07-24 00:00:00+00:00,87,14,12.035,168.49,8.769230769,0,1,task_edit,task_create,TRUE,7,none,none,4,1,0
user_0236,FALSE,none,,2023-10-14 00:00:00+00:00,2024-03-05 00:00:00+00:00,143,9,18.69333333,168.24,12.375,0,9,task_edit,comment,TRUE,3,none,none,3,0,0
user_0237,FALSE,none,,2023-01-28 00:00:00+00:00,2023-04-29 00:00:00+00:00,91,11,10.40181818,114.42,8.7,1,19,comment,file_upload,TRUE,6,none,none,4,1,0
user_0238,FALSE,none,,2023-06-04 00:00:00+00:00,2023-09-18 00:00:00+00:00,106,7,18.43857143,129.07,15,0,15,comment,task_edit,TRUE,4,none,none,3,1,0
user_0239,FALSE,none,,2023-12-05 00:00:00+00:00,2024-03-02 00:00:00+00:00,88,8,21.9625,175.7,12.71428571,0,15,file_upload,calendar_view,TRUE,5,none,none,2,0,0
user_0240,FALSE,none,,2023-07-31 00:00:00+00:00,2023-10-22 00:00:00+00:00,83,7,9.545714286,66.82,19.5,0,0,task_create,calendar_view,TRUE,4,none,none,2,1,0
user_0241,FALSE,none,,2023-06-26 00:00:00+00:00,2023-09-22 00:00:00+00:00,88,13,14.68692308,190.93,7.916666667,1,10,calendar_view,task_edit,TRUE,9,none,none,5,1,0
user_0242,FALSE,none,,2023-01-21 00:00:00+00:00,2023-04-11 00:00:00+00:00,80,15,17.224,258.36,7.142857143,0,4,comment,calendar_view,TRUE,9,none,none,5,1,0
user_0243,FALSE,none,,2023-05-20 00:00:00+00:00,2023-09-18 00:00:00+00:00,121,14,22.85214286,319.93,6.769230769,1,1,calendar_view,task_edit,TRUE,6,none,none,3,1,0
user_0244,TRUE,2023-07-13 00:00:00+00:00,49,2023-05-25 00:00:00+00:00,2023-10-07 00:00:00+00:00,135,9,12.41777778,111.76,7.875,1,18,task_create,task_create,TRUE,7,"calendar_view,comment,file_upload,task_create,task_edit","comment,file_upload,task_create",3,1,1
user_0245,FALSE,none,,2023-08-31 00:00:00+00:00,2024-01-21 00:00:00+00:00,143,9,28.31111111,254.8,13.5,1,3,calendar_view,task_edit,TRUE,4,none,none,3,1,0
user_0246,FALSE,none,,2023-09-10 00:00:00+00:00,2023-10-28 00:00:00+00:00,48,7,14.95142857,104.66,19.83333333,1,1,task_edit,task_create,TRUE,5,none,none,3,1,0
user_0247,TRUE,2023-09-22 00:00:00+00:00,10,2023-09-12 00:00:00+00:00,2023-11-18 00:00:00+00:00,67,9,12.74333333,114.69,12.375,0,12,calendar_view,calendar_view,TRUE,2,none,"calendar_view,comment,task_create,task_edit",2,1,1
user_0248,FALSE,none,,2023-06-05 00:00:00+00:00,2023-09-20 00:00:00+00:00,107,9,13.19444444,118.75,8.375,0,14,task_edit,task_create,TRUE,3,none,none,2,1,0
user_0249,FALSE,none,,2023-06-03 00:00:00+00:00,2023-10-13 00:00:00+00:00,132,10,18.102,181.02,10.22222222,1,23,task_edit,comment,TRUE,4,none,none,4,1,0
user_0250,FALSE,none,,2023-03-20 00:00:00+00:00,2023-04-21 00:00:00+00:00,32,12,14.84083333,178.09,9,0,17,file_upload,file_upload,TRUE,8,none,none,3,1,0
user_0251,FALSE,none,,2023-12-28 00:00:00+00:00,2024-05-24 00:00:00+00:00,148,18,14.06666667,253.2,6.941176471,1,1,file_upload,comment,TRUE,10,none,none,5,0,0
user_0252,TRUE,2023-03-30 00:00:00+00:00,54,2023-02-04 00:00:00+00:00,2023-04-06 00:00:00+00:00,61,8,19.21625,153.73,7.142857143,0,61,calendar_view,task_create,TRUE,4,none,"calendar_view,file_upload,task_create,task_edit",3,1,1
user_0253,FALSE,none,,2023-01-02 00:00:00+00:00,2023-02-06 00:00:00+00:00,35,10,12.406,124.06,11.77777778,2,2,file_upload,calendar_view,TRUE,7,none,none,3,1,0
user_0254,FALSE,none,,2023-01-29 00:00:00+00:00,2023-05-07 00:00:00+00:00,98,6,10.9,65.4,17.8,0,5,task_edit,task_create,TRUE,2,none,none,1,1,0
user_0255,FALSE,none,,2023-02-25 00:00:00+00:00,2023-04-25 00:00:00+00:00,59,11,10.39545455,114.35,6.9,1,27,task_create,calendar_view,TRUE,6,none,none,4,1,0
user_0256,FALSE,none,,2023-02-16 00:00:00+00:00,2023-06-06 00:00:00+00:00,110,16,22.01625,352.26,6,2,1,calendar_view,comment,TRUE,8,none,none,5,1,0
user_0257,FALSE,none,,2023-04-16 00:00:00+00:00,2023-08-01 00:00:00+00:00,107,18,16.68444444,300.32,6.705882353,0,0,calendar_view,calendar_view,TRUE,8,none,none,5,1,0
user_0258,FALSE,none,,2023-12-02 00:00:00+00:00,2024-01-30 00:00:00+00:00,59,15,14.03733333,210.56,7.571428571,0,10,comment,file_upload,TRUE,11,none,none,4,0,0
user_0259,FALSE,none,,2023-06-10 00:00:00+00:00,2023-08-20 00:00:00+00:00,71,5,26.582,132.91,23.25,0,21,calendar_view,task_create,TRUE,4,none,none,2,1,0
user_0260,TRUE,2023-09-28 00:00:00+00:00,45,2023-08-14 00:00:00+00:00,2023-12-06 00:00:00+00:00,114,12,17.15083333,205.81,10.45454545,0,3,task_create,comment,TRUE,8,"calendar_view,comment,file_upload,task_create,task_edit","calendar_view,comment,file_upload,task_edit",5,1,1
user_0261,FALSE,none,,2023-09-27 00:00:00+00:00,2024-02-20 00:00:00+00:00,146,7,7.025714286,49.18,18.83333333,0,3,file_upload,task_create,TRUE,5,none,none,2,0,0
user_0262,FALSE,none,,2023-04-27 00:00:00+00:00,2023-09-15 00:00:00+00:00,141,11,29.64454545,326.09,10.4,1,3,task_edit,comment,TRUE,5,none,none,4,1,0
user_0263,FALSE,none,,2023-07-14 00:00:00+00:00,2023-09-21 00:00:00+00:00,69,13,13.57615385,176.49,8.75,0,5,calendar_view,file_upload,TRUE,8,none,none,4,1,0
user_0264,FALSE,none,,2023-01-23 00:00:00+00:00,2023-04-29 00:00:00+00:00,96,7,14.97285714,104.81,14.33333333,0,33,task_create,file_upload,TRUE,5,none,none,2,1,0
user_0265,FALSE,none,,2023-06-08 00:00:00+00:00,2023-07-17 00:00:00+00:00,39,10,23.851,238.51,6.333333333,1,0,comment,task_edit,TRUE,5,none,none,2,1,0
user_0266,FALSE,none,,2023-04-18 00:00:00+00:00,2023-07-31 00:00:00+00:00,104,11,21.32545455,234.58,9.8,0,14,calendar_view,comment,TRUE,7,none,none,4,1,0
user_0267,FALSE,none,,2023-12-24 00:00:00+00:00,2024-05-14 00:00:00+00:00,142,14,14.32571429,200.56,7.769230769,1,6,task_create,comment,TRUE,8,none,none,5,0,0
user_0268,FALSE,none,,2023-08-18 00:00:00+00:00,2024-01-09 00:00:00+00:00,144,4,23.98,95.92,28.33333333,0,13,comment,task_edit,TRUE,3,none,none,1,1,0
user_0269,FALSE,none,,2023-06-16 00:00:00+00:00,2023-09-30 00:00:00+00:00,106,8,24.10375,192.83,15.42857143,0,8,file_upload,comment,TRUE,6,none,none,3,1,0
user_0270,TRUE,2023-12-26 00:00:00+00:00,23,2023-12-03 00:00:00+00:00,2024-03-30 00:00:00+00:00,118,6,23.52666667,141.16,19,0,5,file_upload,task_edit,TRUE,3,file_upload,"calendar_view,file_upload,task_create,task_edit",2,0,1
user_0271,FALSE,none,,2023-04-24 00:00:00+00:00,2023-09-19 00:00:00+00:00,148,7,28.58571429,200.1,19.5,0,3,file_upload,comment,TRUE,5,none,none,3,1,0
user_0272,FALSE,none,,2023-11-03 00:00:00+00:00,2024-02-18 00:00:00+00:00,107,5,37.41,187.05,25.25,0,19,task_create,comment,TRUE,4,none,none,2,0,0
user_0273,FALSE,none,,2023-03-23 00:00:00+00:00,2023-07-14 00:00:00+00:00,113,8,14.32375,114.59,14.28571429,0,19,task_create,file_upload,TRUE,6,none,none,3,1,0
user_0274,TRUE,2023-03-26 00:00:00+00:00,57,2023-01-28 00:00:00+00:00,2023-05-28 00:00:00+00:00,120,6,21.35,128.1,11,0,21,task_create,file_upload,TRUE,4,"task_create,task_edit","file_upload,task_create",2,1,1
user_0275,FALSE,none,,2023-04-22 00:00:00+00:00,2023-07-24 00:00:00+00:00,93,8,22.4275,179.42,13.42857143,1,26,file_upload,task_create,TRUE,6,none,none,4,1,0
user_0276,FALSE,none,,2023-08-08 00:00:00+00:00,2023-12-07 00:00:00+00:00,121,10,22.381,223.81,12,0,12,task_create,file_upload,TRUE,6,none,none,3,1,0
user_0277,TRUE,2023-10-09 00:00:00+00:00,37,2023-09-02 00:00:00+00:00,2023-11-08 00:00:00+00:00,67,8,15.78375,126.27,15.14285714,0,12,comment,task_edit,TRUE,5,"calendar_view,comment,file_upload,task_create,task_edit","comment,task_edit",2,1,1
user_0278,TRUE,2023-11-08 00:00:00+00:00,31,2023-10-08 00:00:00+00:00,2024-01-02 00:00:00+00:00,86,19,20.25052632,384.76,6.277777778,0,7,comment,calendar_view,TRUE,12,"calendar_view,comment,file_upload,task_create,task_edit","calendar_view,comment,file_upload,task_create,task_edit",5,1,1
user_0279,TRUE,2023-06-19 00:00:00+00:00,8,2023-06-11 00:00:00+00:00,2023-07-20 00:00:00+00:00,39,15,26.88133333,403.22,8.142857143,0,0,task_create,calendar_view,TRUE,9,"task_create,task_edit","calendar_view,comment,file_upload,task_create,task_edit",4,1,1
user_0280,FALSE,none,,2023-07-03 00:00:00+00:00,2023-08-23 00:00:00+00:00,51,12,11.1075,133.29,9.727272727,1,13,task_edit,file_upload,TRUE,6,none,none,3,1,0
user_0281,FALSE,none,,2023-12-15 00:00:00+00:00,2024-03-30 00:00:00+00:00,106,10,13.752,137.52,9.333333333,1,16,task_create,task_create,TRUE,7,none,none,3,0,0
user_0282,FALSE,none,,2023-05-18 00:00:00+00:00,2023-07-05 00:00:00+00:00,48,10,13.833,138.33,13.11111111,1,1,task_create,comment,TRUE,7,none,none,3,1,0
user_0283,TRUE,2023-09-28 00:00:00+00:00,40,2023-08-19 00:00:00+00:00,2024-01-08 00:00:00+00:00,142,10,21.939,219.39,12.55555556,0,4,task_create,file_upload,TRUE,9,"file_upload,task_create","calendar_view,comment,file_upload,task_create",3,1,1
user_0284,FALSE,none,,2023-04-25 00:00:00+00:00,2023-09-06 00:00:00+00:00,134,5,21.214,106.07,13.75,0,29,task_create,task_create,TRUE,4,none,none,2,1,0
user_0285,FALSE,none,,2023-05-16 00:00:00+00:00,2023-08-01 00:00:00+00:00,77,9,24.35222222,219.17,15,0,0,task_create,calendar_view,TRUE,5,none,none,4,1,0
user_0286,FALSE,none,,2023-04-04 00:00:00+00:00,2023-05-09 00:00:00+00:00,35,7,8.23,57.61,11.66666667,0,38,calendar_view,comment,TRUE,2,none,none,2,1,0
user_0287,TRUE,2023-08-10 00:00:00+00:00,59,2023-06-12 00:00:00+00:00,2023-07-13 00:00:00+00:00,31,9,17.87777778,160.9,14.75,0,1,task_edit,file_upload,TRUE,5,"calendar_view,comment,file_upload,task_edit","comment,file_upload,task_edit",3,1,1
user_0288,FALSE,none,,2023-04-22 00:00:00+00:00,2023-07-17 00:00:00+00:00,86,8,12.2075,97.66,13,0,14,comment,comment,TRUE,5,none,none,2,1,0
user_0289,FALSE,none,,2023-07-29 00:00:00+00:00,2023-11-24 00:00:00+00:00,118,12,24.6825,296.19,10.81818182,1,1,calendar_view,task_edit,TRUE,4,none,none,3,1,0
user_0290,FALSE,none,,2023-03-14 00:00:00+00:00,2023-06-28 00:00:00+00:00,106,12,34.85833333,418.3,9.636363636,0,7,task_create,task_create,TRUE,8,none,none,3,1,0
user_0291,FALSE,none,,2023-10-27 00:00:00+00:00,2024-03-20 00:00:00+00:00,145,11,20.23636364,222.6,11.3,0,7,calendar_view,file_upload,TRUE,5,none,none,4,0,0
user_0292,FALSE,none,,2023-01-05 00:00:00+00:00,2023-04-20 00:00:00+00:00,105,8,10.85875,86.87,13,0,11,comment,task_edit,TRUE,5,none,none,3,1,0
user_0293,FALSE,none,,2023-11-22 00:00:00+00:00,2024-03-16 00:00:00+00:00,115,13,21.93,285.09,9.333333333,1,0,task_create,task_edit,TRUE,7,none,none,3,0,0
user_0294,FALSE,none,,2023-11-07 00:00:00+00:00,2024-02-22 00:00:00+00:00,107,15,23.38866667,350.83,7.785714286,0,10,comment,comment,TRUE,9,none,none,5,0,0
user_0295,FALSE,none,,2023-03-11 00:00:00+00:00,2023-07-28 00:00:00+00:00,139,7,23.36857143,163.58,15,0,29,calendar_view,comment,TRUE,4,none,none,2,1,0
user_0296,FALSE,none,,2023-02-19 00:00:00+00:00,2023-05-17 00:00:00+00:00,87,8,15.13375,121.07,15.42857143,0,7,calendar_view,file_upload,TRUE,3,none,none,3,1,0
user_0297,FALSE,none,,2023-11-17 00:00:00+00:00,2024-03-07 00:00:00+00:00,111,10,20.178,201.78,10,1,24,file_upload,task_create,TRUE,8,none,none,3,0,0
user_0298,FALSE,none,,2023-02-14 00:00:00+00:00,2023-04-10 00:00:00+00:00,55,14,16.37714286,229.28,8,0,13,calendar_view,comment,TRUE,6,none,none,4,1,0
user_0299,FALSE,none,,2023-09-04 00:00:00+00:00,2023-12-15 00:00:00+00:00,102,13,21.98230769,285.77,9.916666667,0,0,task_edit,file_upload,TRUE,12,none,none,3,1,0
user_0300,FALSE,none,,2023-03-14 00:00:00+00:00,2023-04-15 00:00:00+00:00,32,10,24.113,241.13,12,0,2,task_create,calendar_view,TRUE,7,none,none,3,1,0
user_0301,FALSE,none,,2023-12-15 00:00:00+00:00,2024-04-04 00:00:00+00:00,111,11,18.62545455,204.88,11.3,0,2,calendar_view,calendar_view,TRUE,7,none,none,4,0,0
user_0302,FALSE,none,,2023-04-02 00:00:00+00:00,2023-07-02 00:00:00+00:00,91,14,29.79642857,417.15,6.923076923,0,23,task_create,task_create,TRUE,10,none,none,4,1,0
user_0303,FALSE,none,,2023-03-15 00:00:00+00:00,2023-06-22 00:00:00+00:00,99,13,23.69461538,308.03,7.25,1,11,calendar_view,calendar_view,TRUE,7,none,none,3,1,0
user_0304,TRUE,2023-09-08 00:00:00+00:00,53,2023-07-17 00:00:00+00:00,2023-10-05 00:00:00+00:00,80,6,16.13,96.78,19.8,0,21,task_create,task_create,TRUE,3,"file_upload,task_create","calendar_view,task_create,task_edit",2,1,1
user_0305,FALSE,none,,2023-11-26 00:00:00+00:00,2024-01-29 00:00:00+00:00,64,14,22.45928571,314.43,9,0,2,file_upload,comment,TRUE,11,none,none,3,0,0
user_0306,TRUE,2023-12-29 00:00:00+00:00,33,2023-11-26 00:00:00+00:00,2024-02-09 00:00:00+00:00,75,8,20.6025,164.82,11.85714286,0,37,task_create,calendar_view,TRUE,4,none,"calendar_view,comment,file_upload,task_create,task_edit",2,0,1
user_0307,FALSE,none,,2023-10-28 00:00:00+00:00,2024-01-14 00:00:00+00:00,78,6,21.49,128.94,18.2,0,13,task_edit,task_edit,TRUE,2,none,none,2,1,0
user_0308,FALSE,none,,2023-04-07 00:00:00+00:00,2023-06-19 00:00:00+00:00,73,15,24.63533333,369.53,6.571428571,0,15,comment,comment,TRUE,10,none,none,5,1,0
user_0309,TRUE,2023-10-25 00:00:00+00:00,43,2023-09-12 00:00:00+00:00,2023-12-29 00:00:00+00:00,108,11,17.02636364,187.29,10.8,0,4,file_upload,file_upload,TRUE,5,"calendar_view,file_upload,task_edit","calendar_view,comment,file_upload,task_edit",3,1,1
user_0310,FALSE,none,,2023-02-09 00:00:00+00:00,2023-04-13 00:00:00+00:00,63,11,21.72636364,238.99,11.8,0,2,task_create,comment,TRUE,6,none,none,3,1,0
user_0311,FALSE,none,,2023-10-07 00:00:00+00:00,2024-03-02 00:00:00+00:00,147,16,25.7575,412.12,7.733333333,3,0,task_create,task_edit,TRUE,11,none,none,5,0,0
user_0312,FALSE,none,,2023-10-03 00:00:00+00:00,2023-12-09 00:00:00+00:00,67,13,17.36,225.68,8.666666667,0,14,comment,task_edit,TRUE,7,none,none,4,1,0
user_0313,FALSE,none,,2023-06-20 00:00:00+00:00,2023-08-23 00:00:00+00:00,64,9,29.65111111,266.86,13.75,0,0,task_edit,file_upload,TRUE,3,none,none,2,1,0
user_0314,TRUE,2023-03-24 00:00:00+00:00,31,2023-02-21 00:00:00+00:00,2023-07-12 00:00:00+00:00,141,11,25.00636364,275.07,10.9,1,7,task_create,task_create,TRUE,8,"file_upload,task_create","calendar_view,comment,task_create,task_edit",2,1,1
user_0315,TRUE,2023-11-28 00:00:00+00:00,47,2023-10-12 00:00:00+00:00,2024-03-08 00:00:00+00:00,148,15,19.79466667,296.92,7.642857143,1,3,task_edit,task_create,TRUE,9,"calendar_view,comment,task_create,task_edit","comment,file_upload,task_create,task_edit",3,0,1
user_0316,TRUE,2023-05-28 00:00:00+00:00,59,2023-03-30 00:00:00+00:00,2023-05-31 00:00:00+00:00,62,10,10.819,108.19,11.55555556,0,0,file_upload,file_upload,TRUE,8,"calendar_view,comment,file_upload,task_create","calendar_view,file_upload,task_create",4,1,1
user_0317,FALSE,none,,2023-02-23 00:00:00+00:00,2023-06-12 00:00:00+00:00,109,12,11.745,140.94,10.72727273,1,1,file_upload,comment,TRUE,6,none,none,4,1,0
user_0318,TRUE,2023-11-16 00:00:00+00:00,23,2023-10-24 00:00:00+00:00,2024-03-06 00:00:00+00:00,134,11,15.65545455,172.21,11.9,2,0,comment,task_edit,TRUE,6,"comment,file_upload","calendar_view,comment,task_create,task_edit",4,0,1
user_0319,TRUE,2023-04-04 00:00:00+00:00,21,2023-03-14 00:00:00+00:00,2023-06-12 00:00:00+00:00,90,11,10.45818182,115.04,9.7,0,5,task_create,comment,TRUE,6,"file_upload,task_create","calendar_view,comment,file_upload,task_create,task_edit",4,1,1
user_0320,FALSE,none,,2023-03-20 00:00:00+00:00,2023-06-02 00:00:00+00:00,74,10,11.789,117.89,11.22222222,0,7,task_edit,file_upload,TRUE,5,none,none,3,1,0
user_0321,FALSE,none,,2023-04-02 00:00:00+00:00,2023-06-03 00:00:00+00:00,62,11,36.56,402.16,10.1,0,15,file_upload,calendar_view,TRUE,9,none,none,2,1,0
user_0322,TRUE,2023-06-22 00:00:00+00:00,6,2023-06-16 00:00:00+00:00,2023-09-27 00:00:00+00:00,103,9,15.58111111,140.23,12.875,0,11,file_upload,task_create,TRUE,7,none,"calendar_view,comment,file_upload,task_create,task_edit",2,1,1
user_0323,FALSE,none,,2023-04-02 00:00:00+00:00,2023-06-14 00:00:00+00:00,73,6,26.78666667,160.72,21.8,0,4,calendar_view,task_create,TRUE,3,none,none,1,1,0
user_0324,TRUE,2023-12-21 00:00:00+00:00,46,2023-11-05 00:00:00+00:00,2024-03-28 00:00:00+00:00,144,7,18.14285714,127,17.83333333,0,4,calendar_view,task_create,TRUE,3,"calendar_view,file_upload,task_edit","task_create,task_edit",2,0,1
user_0325,FALSE,none,,2023-07-28 00:00:00+00:00,2023-12-11 00:00:00+00:00,136,11,13.97,153.67,11.3,0,4,calendar_view,task_edit,TRUE,5,none,none,3,1,0
user_0326,TRUE,2023-08-15 00:00:00+00:00,12,2023-08-03 00:00:00+00:00,2023-10-31 00:00:00+00:00,89,13,26.76230769,347.91,9.166666667,2,4,calendar_view,comment,TRUE,9,calendar_view,"comment,file_upload,task_create,task_edit",4,1,1
user_0327,FALSE,none,,2023-01-17 00:00:00+00:00,2023-03-24 00:00:00+00:00,66,13,20.40692308,265.29,8.416666667,0,8,calendar_view,comment,TRUE,10,none,none,4,1,0
user_0328,FALSE,none,,2023-09-21 00:00:00+00:00,2024-02-17 00:00:00+00:00,149,9,18.05444444,162.49,12.625,0,19,task_create,task_create,TRUE,7,none,none,2,0,0
user_0329,FALSE,none,,2023-04-30 00:00:00+00:00,2023-08-11 00:00:00+00:00,103,13,18.61846154,242.04,9.416666667,0,6,task_create,comment,TRUE,10,none,none,3,1,0
user_0330,TRUE,2023-12-17 00:00:00+00:00,10,2023-12-07 00:00:00+00:00,2024-03-12 00:00:00+00:00,96,15,19.01933333,285.29,8,0,8,file_upload,task_edit,TRUE,11,file_upload,"calendar_view,comment,file_upload,task_create,task_edit",4,0,1
user_0331,FALSE,none,,2023-10-16 00:00:00+00:00,2024-01-01 00:00:00+00:00,77,12,27.71416667,332.57,10.27272727,0,2,task_edit,calendar_view,TRUE,7,none,none,5,1,0
user_0332,FALSE,none,,2023-08-07 00:00:00+00:00,2023-11-09 00:00:00+00:00,94,11,32.90727273,361.98,11.1,0,5,calendar_view,calendar_view,TRUE,8,none,none,3,1,0
user_0333,FALSE,none,,2023-05-12 00:00:00+00:00,2023-06-27 00:00:00+00:00,46,10,17.332,173.32,11.11111111,0,1,task_create,calendar_view,TRUE,3,none,none,2,1,0
user_0334,TRUE,2023-04-16 00:00:00+00:00,19,2023-03-28 00:00:00+00:00,2023-06-02 00:00:00+00:00,66,12,28.95,347.4,10,0,5,comment,task_create,TRUE,9,comment,"calendar_view,comment,file_upload,task_create,task_edit",4,1,1
user_0335,FALSE,none,,2023-04-21 00:00:00+00:00,2023-06-16 00:00:00+00:00,56,10,18.872,188.72,12.55555556,0,4,task_create,file_upload,TRUE,4,none,none,3,1,0
user_0336,TRUE,2023-07-08 00:00:00+00:00,52,2023-05-17 00:00:00+00:00,2023-08-10 00:00:00+00:00,85,8,25.27,202.16,15.28571429,0,5,comment,file_upload,TRUE,5,"calendar_view,comment,file_upload","calendar_view,file_upload,task_create",2,1,1
user_0337,FALSE,none,,2023-05-07 00:00:00+00:00,2023-09-14 00:00:00+00:00,130,7,20.90142857,146.31,14.33333333,0,1,file_upload,task_create,TRUE,3,none,none,2,1,0
user_0338,FALSE,none,,2023-05-19 00:00:00+00:00,2023-08-31 00:00:00+00:00,104,7,17.23142857,120.62,16.66666667,0,12,calendar_view,task_edit,TRUE,1,none,none,2,1,0
user_0339,FALSE,none,,2023-11-01 00:00:00+00:00,2023-12-13 00:00:00+00:00,42,10,14.645,146.45,10.55555556,0,12,task_create,task_edit,TRUE,8,none,none,3,1,0
user_0340,FALSE,none,,2023-02-19 00:00:00+00:00,2023-07-15 00:00:00+00:00,146,10,13.485,134.85,10.55555556,0,20,file_upload,task_edit,TRUE,5,none,none,3,1,0
user_0341,TRUE,2023-09-22 00:00:00+00:00,14,2023-09-08 00:00:00+00:00,2023-11-11 00:00:00+00:00,64,8,22.52625,180.21,14.42857143,0,7,task_create,comment,TRUE,6,task_create,"calendar_view,comment,file_upload,task_create,task_edit",3,1,1
user_0342,FALSE,none,,2023-10-07 00:00:00+00:00,2023-12-31 00:00:00+00:00,85,7,16.07142857,112.5,15.5,0,12,task_edit,calendar_view,TRUE,5,none,none,2,1,0
user_0343,FALSE,none,,2023-08-27 00:00:00+00:00,2023-10-28 00:00:00+00:00,62,10,30.87,308.7,9.222222222,0,4,calendar_view,task_create,TRUE,8,none,none,4,1,0
user_0344,TRUE,2023-10-13 00:00:00+00:00,37,2023-09-06 00:00:00+00:00,2023-10-15 00:00:00+00:00,39,12,17.16166667,205.94,10.18181818,1,4,calendar_view,calendar_view,TRUE,9,"calendar_view,task_create","calendar_view,file_upload,task_create",3,1,1
user_0345,FALSE,none,,2023-11-17 00:00:00+00:00,2024-03-03 00:00:00+00:00,107,21,27.08619048,568.81,4.65,4,3,comment,file_upload,TRUE,11,none,none,5,0,0
user_0346,FALSE,none,,2023-03-21 00:00:00+00:00,2023-07-06 00:00:00+00:00,107,15,13.80533333,207.08,8.285714286,0,1,task_create,task_edit,TRUE,8,none,none,4,1,0
user_0347,TRUE,2023-07-11 00:00:00+00:00,46,2023-05-26 00:00:00+00:00,2023-06-25 00:00:00+00:00,30,15,17.29666667,259.45,7.928571429,0,9,calendar_view,comment,TRUE,8,"calendar_view,comment,file_upload,task_edit","comment,file_upload,task_create,task_edit",3,1,1
user_0348,FALSE,none,,2023-05-20 00:00:00+00:00,2023-06-24 00:00:00+00:00,35,5,15.786,78.93,25,1,7,comment,task_edit,TRUE,2,none,none,1,1,0
user_0349,FALSE,none,,2023-04-03 00:00:00+00:00,2023-08-02 00:00:00+00:00,121,12,21.705,260.46,8.636363636,2,10,comment,file_upload,TRUE,11,none,none,3,1,0
user_0350,TRUE,2023-09-11 00:00:00+00:00,39,2023-08-03 00:00:00+00:00,2023-09-20 00:00:00+00:00,48,6,17.69833333,106.19,11.4,1,24,comment,task_edit,TRUE,3,comment,"calendar_view,task_create,task_edit",2,1,1
user_0351,FALSE,none,,2023-09-21 00:00:00+00:00,2023-12-23 00:00:00+00:00,93,9,25.99777778,233.98,14.875,0,1,calendar_view,task_edit,TRUE,4,none,none,4,1,0
user_0352,FALSE,none,,2023-05-08 00:00:00+00:00,2023-07-23 00:00:00+00:00,76,11,14.64636364,161.11,10,0,7,task_create,calendar_view,TRUE,7,none,none,4,1,0
user_0353,FALSE,none,,2023-09-07 00:00:00+00:00,2023-12-08 00:00:00+00:00,92,10,24.077,240.77,11.11111111,0,11,task_edit,calendar_view,TRUE,4,none,none,4,1,0
user_0354,TRUE,2023-06-13 00:00:00+00:00,41,2023-05-03 00:00:00+00:00,2023-09-01 00:00:00+00:00,121,13,23.97538462,311.68,8.333333333,3,13,task_create,file_upload,TRUE,9,"comment,task_create","calendar_view,comment,file_upload,task_create,task_edit",4,1,1
user_0355,FALSE,none,,2023-01-11 00:00:00+00:00,2023-03-24 00:00:00+00:00,72,6,36.05166667,216.31,20.2,0,16,task_create,task_create,TRUE,4,none,none,2,1,0
user_0356,FALSE,none,,2023-12-02 00:00:00+00:00,2024-01-13 00:00:00+00:00,42,6,9.118333333,54.71,20.8,0,16,calendar_view,task_edit,TRUE,2,none,none,2,1,0
user_0357,TRUE,2023-05-05 00:00:00+00:00,36,2023-03-30 00:00:00+00:00,2023-08-23 00:00:00+00:00,146,12,16.80666667,201.68,7.363636364,1,12,task_edit,file_upload,TRUE,6,"calendar_view,comment,task_edit","comment,file_upload,task_create,task_edit",4,1,1
user_0358,TRUE,2023-11-19 00:00:00+00:00,8,2023-11-11 00:00:00+00:00,2024-01-12 00:00:00+00:00,62,9,11.32222222,101.9,14.875,1,0,calendar_view,task_create,TRUE,2,"calendar_view,comment","calendar_view,task_create,task_edit",2,1,1
user_0359,FALSE,none,,2023-05-29 00:00:00+00:00,2023-08-10 00:00:00+00:00,73,21,21.78761905,457.54,5.05,0,9,task_edit,task_create,TRUE,13,none,none,5,1,0
user_0360,FALSE,none,,2023-04-21 00:00:00+00:00,2023-07-02 00:00:00+00:00,72,12,20.64833333,247.78,8.636363636,1,4,calendar_view,comment,TRUE,4,none,none,3,1,0
user_0361,FALSE,none,,2023-08-19 00:00:00+00:00,2023-12-23 00:00:00+00:00,126,9,17.14888889,154.34,14.25,1,1,task_create,calendar_view,TRUE,5,none,none,3,1,0
user_0362,TRUE,2023-03-04 00:00:00+00:00,20,2023-02-12 00:00:00+00:00,2023-06-17 00:00:00+00:00,125,8,29.78625,238.29,10.42857143,0,27,task_edit,file_upload,TRUE,5,none,"comment,file_upload,task_edit",3,1,1
user_0363,FALSE,none,,2023-07-01 00:00:00+00:00,2023-11-25 00:00:00+00:00,147,8,33.295,266.36,13.85714286,0,4,task_create,task_create,TRUE,6,none,none,1,1,0
user_0364,FALSE,none,,2023-01-03 00:00:00+00:00,2023-02-26 00:00:00+00:00,54,12,15.8975,190.77,9.818181818,0,2,calendar_view,file_upload,TRUE,9,none,none,3,1,0
user_0365,TRUE,2023-11-24 00:00:00+00:00,27,2023-10-28 00:00:00+00:00,2024-03-12 00:00:00+00:00,136,11,14.28272727,157.11,11.2,0,4,file_upload,calendar_view,TRUE,6,"comment,file_upload","calendar_view,comment,file_upload,task_create,task_edit",3,0,1
user_0366,TRUE,2023-04-25 00:00:00+00:00,25,2023-03-31 00:00:00+00:00,2023-07-08 00:00:00+00:00,99,13,13.96153846,181.5,9.416666667,0,6,calendar_view,task_create,TRUE,11,"calendar_view,comment","comment,file_upload,task_create,task_edit",3,1,1
user_0367,FALSE,none,,2023-04-19 00:00:00+00:00,2023-09-05 00:00:00+00:00,139,12,22.07916667,264.95,9.636363636,2,9,task_create,task_create,TRUE,9,none,none,3,1,0
user_0368,TRUE,2023-04-02 00:00:00+00:00,47,2023-02-14 00:00:00+00:00,2023-06-03 00:00:00+00:00,109,12,18.42416667,221.09,10.90909091,1,0,calendar_view,calendar_view,TRUE,6,"calendar_view,file_upload,task_create","calendar_view,file_upload,task_create,task_edit",3,1,1
user_0369,FALSE,none,,2023-05-01 00:00:00+00:00,2023-08-06 00:00:00+00:00,97,9,20.57222222,185.15,12.125,0,15,file_upload,comment,TRUE,5,none,none,4,1,0
user_0370,TRUE,2023-02-25 00:00:00+00:00,34,2023-01-22 00:00:00+00:00,2023-06-09 00:00:00+00:00,138,16,23.646875,378.35,6.6,2,15,file_upload,file_upload,TRUE,11,file_upload,"calendar_view,comment,file_upload,task_create,task_edit",5,1,1
user_0371,FALSE,none,,2023-05-21 00:00:00+00:00,2023-07-06 00:00:00+00:00,46,18,23.225,418.05,6.764705882,1,0,calendar_view,file_upload,TRUE,13,none,none,5,1,0
user_0372,FALSE,none,,2023-09-21 00:00:00+00:00,2023-10-24 00:00:00+00:00,33,13,25.36307692,329.72,7.5,2,5,comment,calendar_view,TRUE,9,none,none,3,1,0
user_0373,TRUE,2023-12-17 00:00:00+00:00,14,2023-12-03 00:00:00+00:00,2024-03-19 00:00:00+00:00,107,6,30.87666667,185.26,12.8,0,52,calendar_view,calendar_view,TRUE,2,none,"calendar_view,file_upload,task_edit",2,0,1
user_0374,FALSE,none,,2023-02-05 00:00:00+00:00,2023-04-15 00:00:00+00:00,69,6,17.735,106.41,22.4,0,3,task_create,task_edit,TRUE,3,none,none,1,1,0
user_0375,FALSE,none,,2023-07-21 00:00:00+00:00,2023-09-27 00:00:00+00:00,68,13,22.22076923,288.87,9.166666667,0,8,task_edit,file_upload,TRUE,8,none,none,4,1,0
user_0376,TRUE,2023-01-13 00:00:00+00:00,8,2023-01-05 00:00:00+00:00,2023-04-13 00:00:00+00:00,98,7,29.57285714,207.01,14.16666667,0,5,comment,file_upload,TRUE,4,comment,"calendar_view,comment,file_upload,task_edit",3,1,1
user_0377,TRUE,2023-03-16 00:00:00+00:00,21,2023-02-23 00:00:00+00:00,2023-04-06 00:00:00+00:00,42,7,24.71142857,172.98,17,0,13,calendar_view,task_edit,TRUE,4,calendar_view,"calendar_view,comment,task_create,task_edit",3,1,1
user_0378,FALSE,none,,2023-04-28 00:00:00+00:00,2023-09-15 00:00:00+00:00,140,8,15.7375,125.9,12.14285714,1,34,comment,file_upload,TRUE,7,none,none,2,1,0
user_0379,FALSE,none,,2023-08-17 00:00:00+00:00,2023-12-28 00:00:00+00:00,133,8,26.2725,210.18,13.71428571,1,8,calendar_view,calendar_view,TRUE,4,none,none,4,1,0
user_0380,FALSE,none,,2023-03-09 00:00:00+00:00,2023-07-15 00:00:00+00:00,128,12,11.145,133.74,10.72727273,0,0,file_upload,comment,TRUE,7,none,none,4,1,0
user_0381,FALSE,none,,2023-06-02 00:00:00+00:00,2023-10-19 00:00:00+00:00,139,12,16.51833333,198.22,10.36363636,1,6,comment,calendar_view,TRUE,10,none,none,3,1,0
user_0382,FALSE,none,,2023-12-06 00:00:00+00:00,2024-03-27 00:00:00+00:00,112,10,13.497,134.97,9.777777778,0,28,calendar_view,calendar_view,TRUE,5,none,none,3,0,0
user_0383,FALSE,none,,2023-06-15 00:00:00+00:00,2023-08-29 00:00:00+00:00,75,5,23.292,116.46,14,0,29,task_edit,task_edit,TRUE,1,none,none,1,1,0
user_0384,TRUE,2023-07-16 00:00:00+00:00,46,2023-05-31 00:00:00+00:00,2023-10-12 00:00:00+00:00,134,13,10.29692308,133.86,8.916666667,1,2,calendar_view,task_create,TRUE,7,"calendar_view,comment","calendar_view,comment,file_upload,task_create,task_edit",4,1,1
user_0385,FALSE,none,,2023-02-27 00:00:00+00:00,2023-05-07 00:00:00+00:00,69,11,20.37636364,224.14,8,0,0,task_create,comment,TRUE,6,none,none,4,1,0
user_0386,FALSE,none,,2023-01-08 00:00:00+00:00,2023-05-17 00:00:00+00:00,129,10,14.885,148.85,9.888888889,0,1,comment,task_create,TRUE,7,none,none,3,1,0
user_0387,FALSE,none,,2023-05-04 00:00:00+00:00,2023-09-19 00:00:00+00:00,138,15,20.40133333,306.02,7.357142857,0,6,file_upload,task_create,TRUE,11,none,none,3,1,0
user_0388,TRUE,2023-04-11 00:00:00+00:00,43,2023-02-27 00:00:00+00:00,2023-06-05 00:00:00+00:00,98,13,9.701538462,126.12,6.25,1,1,calendar_view,calendar_view,TRUE,9,"calendar_view,comment,file_upload,task_create,task_edit","calendar_view,task_create,task_edit",4,1,1
user_0389,FALSE,none,,2023-08-03 00:00:00+00:00,2023-10-05 00:00:00+00:00,63,5,17.442,87.21,16.5,0,35,task_create,calendar_view,TRUE,3,none,none,0,1,0
user_0390,FALSE,none,,2023-04-06 00:00:00+00:00,2023-05-07 00:00:00+00:00,31,8,16.4325,131.46,11.42857143,0,30,calendar_view,task_edit,TRUE,2,none,none,2,1,0
user_0391,FALSE,none,,2023-05-27 00:00:00+00:00,2023-09-26 00:00:00+00:00,122,7,25.04,175.28,17.16666667,0,11,comment,file_upload,TRUE,5,none,none,2,1,0
user_0392,FALSE,none,,2023-10-30 00:00:00+00:00,2024-03-07 00:00:00+00:00,129,9,18.97777778,170.8,11.75,0,25,file_upload,comment,TRUE,6,none,none,3,0,0
user_0393,FALSE,none,,2023-08-03 00:00:00+00:00,2023-11-07 00:00:00+00:00,96,7,27.89142857,195.24,15.83333333,1,4,calendar_view,file_upload,TRUE,4,none,none,2,1,0
user_0394,TRUE,2023-08-02 00:00:00+00:00,8,2023-07-25 00:00:00+00:00,2023-09-10 00:00:00+00:00,47,14,17.97,251.58,7.230769231,1,5,comment,task_create,TRUE,13,comment,"calendar_view,comment,file_upload,task_create",3,1,1
user_0395,TRUE,2023-11-21 00:00:00+00:00,42,2023-10-10 00:00:00+00:00,2023-12-12 00:00:00+00:00,63,7,20.13142857,140.92,16.33333333,0,22,task_edit,task_create,TRUE,3,task_edit,"calendar_view,file_upload,task_create",2,1,1
user_0396,FALSE,none,,2023-07-03 00:00:00+00:00,2023-10-20 00:00:00+00:00,109,10,27.022,270.22,9.666666667,1,6,task_create,task_edit,TRUE,7,none,none,4,1,0
user_0397,FALSE,none,,2023-11-23 00:00:00+00:00,2024-02-06 00:00:00+00:00,75,13,18.52076923,240.77,7.25,0,19,task_create,calendar_view,TRUE,6,none,none,4,0,0
user_0398,TRUE,2023-05-24 00:00:00+00:00,36,2023-04-18 00:00:00+00:00,2023-09-05 00:00:00+00:00,140,13,27.51615385,357.71,9.25,1,7,calendar_view,task_edit,TRUE,7,"calendar_view,task_create,task_edit","calendar_view,comment,file_upload,task_create,task_edit",5,1,1
user_0399,TRUE,2024-01-14 00:00:00+00:00,49,2023-11-26 00:00:00+00:00,2024-03-30 00:00:00+00:00,125,11,20.34363636,223.78,10.7,0,13,task_create,task_edit,TRUE,6,"file_upload,task_create","calendar_view,comment,file_upload,task_create,task_edit",4,0,1
user_0400,FALSE,none,,2023-04-05 00:00:00+00:00,2023-05-08 00:00:00+00:00,33,13,15.95076923,207.36,8.25,2,15,calendar_view,calendar_view,TRUE,8,none,none,4,1,0
user_0401,FALSE,none,,2023-04-15 00:00:00+00:00,2023-08-19 00:00:00+00:00,126,11,20.69363636,227.63,7.6,0,1,file_upload,task_create,TRUE,10,none,none,3,1,0
user_0402,FALSE,none,,2023-01-21 00:00:00+00:00,2023-03-21 00:00:00+00:00,59,14,19.17857143,268.5,8.692307692,1,0,file_upload,file_upload,TRUE,9,none,none,4,1,0
user_0403,FALSE,none,,2023-05-05 00:00:00+00:00,2023-08-23 00:00:00+00:00,110,11,14.85181818,163.37,11.5,0,2,file_upload,comment,TRUE,10,none,none,2,1,0
user_0404,TRUE,2023-05-06 00:00:00+00:00,26,2023-04-10 00:00:00+00:00,2023-05-19 00:00:00+00:00,39,14,17.76928571,248.77,7,0,9,task_edit,file_upload,TRUE,9,"file_upload,task_create,task_edit","calendar_view,comment,file_upload,task_edit",4,1,1
user_0405,TRUE,2023-10-09 00:00:00+00:00,51,2023-08-19 00:00:00+00:00,2023-11-13 00:00:00+00:00,86,8,22.92,183.36,12.71428571,1,1,calendar_view,task_create,TRUE,5,"calendar_view,task_create","calendar_view,file_upload,task_create",3,1,1
user_0406,TRUE,2023-02-11 00:00:00+00:00,32,2023-01-10 00:00:00+00:00,2023-03-06 00:00:00+00:00,55,13,18.57230769,241.44,9.166666667,3,7,task_create,calendar_view,TRUE,8,"calendar_view,comment,task_create","calendar_view,comment,file_upload,task_create,task_edit",5,1,1
user_0407,FALSE,none,,2023-12-23 00:00:00+00:00,2024-01-28 00:00:00+00:00,36,10,32.625,326.25,12.66666667,0,1,calendar_view,calendar_view,TRUE,5,none,none,4,0,0
user_0408,FALSE,none,,2023-11-27 00:00:00+00:00,2024-02-07 00:00:00+00:00,72,7,32.33,226.31,15.83333333,0,21,calendar_view,task_edit,TRUE,4,none,none,3,0,0
user_0409,TRUE,2023-04-20 00:00:00+00:00,22,2023-03-29 00:00:00+00:00,2023-08-09 00:00:00+00:00,133,8,13.895,111.16,14.28571429,1,9,comment,file_upload,TRUE,6,"calendar_view,comment,task_create","comment,file_upload,task_create,task_edit",3,1,1
user_0410,TRUE,2023-08-28 00:00:00+00:00,30,2023-07-29 00:00:00+00:00,2023-10-01 00:00:00+00:00,64,13,17.63076923,229.2,9.333333333,0,5,task_create,calendar_view,TRUE,7,"task_create,task_edit","calendar_view,comment,file_upload,task_create,task_edit",5,1,1
user_0411,FALSE,none,,2023-03-28 00:00:00+00:00,2023-07-13 00:00:00+00:00,107,11,13.60181818,149.62,8.3,1,17,task_create,task_create,TRUE,10,none,none,2,1,0
user_0412,TRUE,2023-07-12 00:00:00+00:00,15,2023-06-27 00:00:00+00:00,2023-07-27 00:00:00+00:00,30,5,26.294,131.47,13.25,1,7,calendar_view,task_create,TRUE,3,"calendar_view,task_edit","comment,task_create",1,1,1
user_0413,TRUE,2023-07-16 00:00:00+00:00,29,2023-06-17 00:00:00+00:00,2023-07-30 00:00:00+00:00,43,13,31.57153846,410.43,9.666666667,0,1,file_upload,comment,TRUE,7,"calendar_view,file_upload","calendar_view,comment,file_upload,task_edit",4,1,1
user_0414,FALSE,none,,2023-08-29 00:00:00+00:00,2023-12-01 00:00:00+00:00,94,7,30.46857143,213.28,15.83333333,0,3,task_edit,comment,TRUE,4,none,none,2,1,0
user_0415,FALSE,none,,2023-08-27 00:00:00+00:00,2023-11-09 00:00:00+00:00,74,10,6.622,66.22,11.11111111,0,0,file_upload,task_create,TRUE,8,none,none,4,1,0
user_0416,FALSE,none,,2023-04-04 00:00:00+00:00,2023-07-31 00:00:00+00:00,118,10,12.95,129.5,11.77777778,0,1,calendar_view,calendar_view,TRUE,5,none,none,4,1,0
user_0417,FALSE,none,,2023-10-23 00:00:00+00:00,2023-12-06 00:00:00+00:00,44,12,32.25083333,387.01,10,1,7,task_edit,file_upload,TRUE,6,none,none,3,1,0
user_0418,FALSE,none,,2023-07-20 00:00:00+00:00,2023-10-22 00:00:00+00:00,94,9,6.956666667,62.61,12,0,2,calendar_view,task_create,TRUE,6,none,none,3,1,0
user_0419,TRUE,2023-09-07 00:00:00+00:00,8,2023-08-30 00:00:00+00:00,2023-10-04 00:00:00+00:00,35,8,23.3875,187.1,14,0,20,file_upload,task_edit,TRUE,4,none,"calendar_view,comment,file_upload,task_create,task_edit",3,1,1
user_0420,FALSE,none,,2023-11-22 00:00:00+00:00,2024-01-01 00:00:00+00:00,40,9,13.15111111,118.36,11.125,0,13,file_upload,task_edit,TRUE,4,none,none,3,1,0
user_0421,FALSE,none,,2023-06-25 00:00:00+00:00,2023-09-27 00:00:00+00:00,94,6,6.818333333,40.91,20.2,0,2,task_edit,calendar_view,TRUE,1,none,none,2,1,0
user_0422,FALSE,none,,2023-06-24 00:00:00+00:00,2023-11-19 00:00:00+00:00,148,7,9.192857143,64.35,14.83333333,0,17,calendar_view,calendar_view,TRUE,2,none,none,3,1,0
user_0423,FALSE,none,,2023-07-16 00:00:00+00:00,2023-08-31 00:00:00+00:00,46,8,25.21625,201.73,14.57142857,0,14,calendar_view,task_create,TRUE,4,none,none,2,1,0
user_0424,TRUE,2023-03-01 00:00:00+00:00,57,2023-01-03 00:00:00+00:00,2023-04-30 00:00:00+00:00,117,12,16.76,201.12,10.27272727,2,5,calendar_view,task_edit,TRUE,4,"calendar_view,comment,task_create,task_edit","calendar_view,comment,task_create,task_edit",4,1,1
user_0425,FALSE,none,,2023-11-15 00:00:00+00:00,2024-02-22 00:00:00+00:00,99,7,18.72428571,131.07,17.83333333,0,4,calendar_view,task_create,TRUE,4,none,none,2,0,0
user_0426,FALSE,none,,2023-03-29 00:00:00+00:00,2023-07-31 00:00:00+00:00,124,11,17.93818182,197.32,8.3,1,26,task_edit,calendar_view,TRUE,6,none,none,4,1,0
user_0427,TRUE,2023-07-21 00:00:00+00:00,56,2023-05-26 00:00:00+00:00,2023-09-01 00:00:00+00:00,98,8,16.94375,135.55,12.42857143,0,10,task_edit,comment,TRUE,7,"comment,file_upload,task_create,task_edit","comment,file_upload",3,1,1
user_0428,FALSE,none,,2023-10-18 00:00:00+00:00,2023-12-02 00:00:00+00:00,45,10,16.832,168.32,9.666666667,1,26,file_upload,task_create,TRUE,5,none,none,3,1,0
user_0429,FALSE,none,,2023-01-19 00:00:00+00:00,2023-03-05 00:00:00+00:00,45,11,21.03090909,231.34,9.8,1,7,task_create,comment,TRUE,7,none,none,4,1,0
user_0430,FALSE,none,,2023-07-31 00:00:00+00:00,2023-12-23 00:00:00+00:00,145,8,19.00625,152.05,15,0,0,task_create,comment,TRUE,8,none,none,2,1,0
user_0431,FALSE,none,,2023-01-21 00:00:00+00:00,2023-04-26 00:00:00+00:00,95,7,17.39428571,121.76,15.16666667,0,22,file_upload,task_edit,TRUE,4,none,none,3,1,0
user_0432,FALSE,none,,2023-07-24 00:00:00+00:00,2023-10-13 00:00:00+00:00,81,3,8.883333333,26.65,19.5,0,30,task_create,calendar_view,TRUE,2,none,none,1,1,0
user_0433,FALSE,none,,2023-04-13 00:00:00+00:00,2023-07-24 00:00:00+00:00,102,13,17.68230769,229.87,8.583333333,0,10,task_create,task_create,TRUE,9,none,none,4,1,0
user_0434,FALSE,none,,2023-05-08 00:00:00+00:00,2023-08-26 00:00:00+00:00,110,8,24.81,198.48,13.57142857,0,13,comment,task_create,TRUE,7,none,none,3,1,0
user_0435,TRUE,2023-10-16 00:00:00+00:00,17,2023-09-29 00:00:00+00:00,2024-01-18 00:00:00+00:00,111,5,33.428,167.14,14.25,0,11,calendar_view,file_upload,TRUE,4,calendar_view,"comment,file_upload,task_create",1,1,1
user_0436,FALSE,none,,2023-06-23 00:00:00+00:00,2023-08-31 00:00:00+00:00,69,14,22.63571429,316.9,7.307692308,0,9,task_edit,task_create,TRUE,5,none,none,3,1,0
user_0437,FALSE,none,,2023-04-17 00:00:00+00:00,2023-06-30 00:00:00+00:00,74,8,13.53375,108.27,15,0,10,comment,task_edit,TRUE,2,none,none,3,1,0
user_0438,FALSE,none,,2023-09-14 00:00:00+00:00,2023-12-14 00:00:00+00:00,91,11,20.61818182,226.8,9.4,0,14,calendar_view,comment,TRUE,8,none,none,3,1,0
user_0439,FALSE,none,,2023-01-22 00:00:00+00:00,2023-04-19 00:00:00+00:00,87,15,18.24533333,273.68,8.214285714,1,5,calendar_view,file_upload,TRUE,9,none,none,4,1,0
user_0440,FALSE,none,,2023-06-06 00:00:00+00:00,2023-09-27 00:00:00+00:00,113,10,24.144,241.44,13,0,3,comment,calendar_view,TRUE,6,none,none,4,1,0
user_0441,FALSE,none,,2023-02-23 00:00:00+00:00,2023-04-28 00:00:00+00:00,64,11,18.27,200.97,10.2,0,10,task_create,task_create,TRUE,9,none,none,4,1,0
user_0442,TRUE,2024-01-08 00:00:00+00:00,29,2023-12-10 00:00:00+00:00,2024-03-01 00:00:00+00:00,82,10,23.367,233.67,10,1,5,task_create,file_upload,TRUE,9,"file_upload,task_create","calendar_view,comment,file_upload,task_create",3,0,1
user_0443,FALSE,none,,2023-11-02 00:00:00+00:00,2024-03-13 00:00:00+00:00,132,9,17.20777778,154.87,10.875,0,15,calendar_view,task_edit,TRUE,5,none,none,3,0,0
user_0444,FALSE,none,,2023-10-26 00:00:00+00:00,2024-01-22 00:00:00+00:00,88,8,24.96875,199.75,14,0,11,calendar_view,comment,TRUE,5,none,none,3,1,0
user_0445,FALSE,none,,2023-04-03 00:00:00+00:00,2023-06-27 00:00:00+00:00,85,12,25.22583333,302.71,9,2,0,task_edit,file_upload,TRUE,5,none,none,3,1,0
user_0446,TRUE,2023-07-07 00:00:00+00:00,56,2023-05-12 00:00:00+00:00,2023-08-03 00:00:00+00:00,83,7,16.68428571,116.79,11.33333333,0,18,task_create,task_create,TRUE,7,task_create,"comment,file_upload,task_create",2,1,1
user_0447,FALSE,none,,2023-05-06 00:00:00+00:00,2023-09-18 00:00:00+00:00,135,9,18.03222222,162.29,13.625,0,11,task_create,task_edit,TRUE,6,none,none,3,1,0
user_0448,FALSE,none,,2023-12-04 00:00:00+00:00,2024-02-03 00:00:00+00:00,61,10,12.7,127,12.44444444,0,6,calendar_view,task_edit,TRUE,6,none,none,3,0,0
user_0449,FALSE,none,,2023-05-29 00:00:00+00:00,2023-09-18 00:00:00+00:00,112,9,20.22333333,182.01,13.625,0,4,calendar_view,file_upload,TRUE,4,none,none,3,1,0
user_0450,TRUE,2023-11-04 00:00:00+00:00,20,2023-10-15 00:00:00+00:00,2023-12-05 00:00:00+00:00,51,8,17.18375,137.47,14.57142857,0,17,task_create,calendar_view,TRUE,6,task_create,"calendar_view,comment,file_upload,task_create",3,1,1
user_0451,FALSE,none,,2023-05-15 00:00:00+00:00,2023-08-06 00:00:00+00:00,83,9,11.47777778,103.3,11,1,17,comment,task_edit,TRUE,5,none,none,3,1,0
user_0452,TRUE,2024-01-06 00:00:00+00:00,18,2023-12-19 00:00:00+00:00,2024-05-14 00:00:00+00:00,147,7,32.87857143,230.15,13.16666667,0,40,calendar_view,calendar_view,TRUE,4,none,"calendar_view,comment,file_upload,task_edit",2,0,1
user_0453,FALSE,none,,2023-06-27 00:00:00+00:00,2023-08-04 00:00:00+00:00,38,14,19.07928571,267.11,7.846153846,1,10,calendar_view,task_edit,TRUE,4,none,none,3,1,0
user_0454,FALSE,none,,2023-09-13 00:00:00+00:00,2023-12-10 00:00:00+00:00,88,8,7.9225,63.38,14.42857143,0,15,comment,task_create,TRUE,7,none,none,3,1,0
user_0455,FALSE,none,,2023-10-07 00:00:00+00:00,2024-01-09 00:00:00+00:00,94,16,24.10625,385.7,7.333333333,1,3,comment,file_upload,TRUE,12,none,none,4,1,0
user_0456,FALSE,none,,2023-09-09 00:00:00+00:00,2024-01-22 00:00:00+00:00,135,10,17.818,178.18,12.66666667,0,5,comment,file_upload,TRUE,8,none,none,3,1,0
user_0457,FALSE,none,,2023-07-26 00:00:00+00:00,2023-10-01 00:00:00+00:00,67,13,25.82538462,335.73,8.5,1,11,file_upload,task_create,TRUE,10,none,none,3,1,0
user_0458,FALSE,none,,2023-04-15 00:00:00+00:00,2023-08-21 00:00:00+00:00,128,7,33.05571429,231.39,9.666666667,0,22,file_upload,file_upload,TRUE,4,none,none,2,1,0
user_0459,TRUE,2023-03-15 00:00:00+00:00,31,2023-02-12 00:00:00+00:00,2023-05-22 00:00:00+00:00,99,11,23.09454545,254.04,10,0,3,task_create,task_create,TRUE,8,"comment,file_upload,task_create,task_edit","comment,task_create,task_edit",3,1,1
user_0460,FALSE,none,,2023-11-22 00:00:00+00:00,2024-03-09 00:00:00+00:00,108,13,28.89923077,375.69,7.416666667,0,13,task_create,task_edit,TRUE,9,none,none,4,0,0
user_0461,FALSE,none,,2023-11-25 00:00:00+00:00,2024-04-06 00:00:00+00:00,133,10,16.162,161.62,11.55555556,0,6,file_upload,task_edit,TRUE,8,none,none,4,0,0
user_0462,FALSE,none,,2023-09-17 00:00:00+00:00,2024-02-05 00:00:00+00:00,141,7,20.71857143,145.03,14.33333333,1,8,file_upload,calendar_view,TRUE,5,none,none,3,0,0
user_0463,FALSE,none,,2023-05-14 00:00:00+00:00,2023-06-18 00:00:00+00:00,35,8,15.19,121.52,14,0,12,comment,comment,TRUE,5,none,none,2,1,0
user_0464,FALSE,none,,2023-06-29 00:00:00+00:00,2023-11-18 00:00:00+00:00,142,8,11.55125,92.41,11.85714286,0,6,calendar_view,task_create,TRUE,4,none,none,3,1,0
user_0465,FALSE,none,,2023-05-16 00:00:00+00:00,2023-10-09 00:00:00+00:00,146,10,10.866,108.66,13.33333333,0,0,comment,task_edit,TRUE,8,none,none,4,1,0
user_0466,FALSE,none,,2023-09-14 00:00:00+00:00,2023-10-29 00:00:00+00:00,45,7,19.16857143,134.18,17.66666667,0,4,task_edit,file_upload,TRUE,4,none,none,3,1,0
user_0467,TRUE,2023-11-09 00:00:00+00:00,9,2023-10-31 00:00:00+00:00,2024-01-20 00:00:00+00:00,81,10,16.168,161.68,12.22222222,1,10,comment,calendar_view,TRUE,7,none,"calendar_view,comment,file_upload,task_create",3,1,1
user_0468,TRUE,2023-06-27 00:00:00+00:00,32,2023-05-26 00:00:00+00:00,2023-08-13 00:00:00+00:00,79,10,17.41,174.1,9.444444444,1,32,task_edit,comment,TRUE,7,none,"calendar_view,comment,file_upload,task_create,task_edit",4,1,1
user_0469,FALSE,none,,2023-12-01 00:00:00+00:00,2024-04-27 00:00:00+00:00,148,11,20.99090909,230.9,8.6,1,8,comment,comment,TRUE,9,none,none,3,0,0
user_0470,FALSE,none,,2023-11-17 00:00:00+00:00,2024-03-03 00:00:00+00:00,107,5,16.81,84.05,17,0,31,file_upload,task_create,TRUE,3,none,none,0,0,0
user_0471,FALSE,none,,2023-11-03 00:00:00+00:00,2024-01-14 00:00:00+00:00,72,6,19.43333333,116.6,14.4,0,41,file_upload,task_create,TRUE,4,none,none,1,1,0
user_0472,FALSE,none,,2023-05-02 00:00:00+00:00,2023-06-17 00:00:00+00:00,46,11,16.52454545,181.77,10.8,0,5,task_edit,file_upload,TRUE,6,none,none,3,1,0
user_0473,FALSE,none,,2023-02-24 00:00:00+00:00,2023-07-03 00:00:00+00:00,129,14,15.04785714,210.67,8.076923077,0,15,comment,file_upload,TRUE,8,none,none,3,1,0
user_0474,FALSE,none,,2023-03-04 00:00:00+00:00,2023-06-19 00:00:00+00:00,107,12,17.80583333,213.67,9.636363636,1,11,file_upload,task_edit,TRUE,5,none,none,3,1,0
user_0475,TRUE,2023-07-13 00:00:00+00:00,30,2023-06-13 00:00:00+00:00,2023-08-04 00:00:00+00:00,52,7,13.53142857,94.72,15.16666667,0,15,file_upload,comment,TRUE,5,"calendar_view,file_upload,task_create","calendar_view,comment,file_upload,task_create",3,1,1
user_0476,FALSE,none,,2023-11-28 00:00:00+00:00,2024-01-19 00:00:00+00:00,52,7,18.18714286,127.31,16.5,0,19,comment,file_upload,TRUE,4,none,none,2,1,0
user_0477,FALSE,none,,2023-07-07 00:00:00+00:00,2023-09-15 00:00:00+00:00,70,6,18.295,109.77,16.6,0,22,task_edit,comment,TRUE,2,none,none,2,1,0
user_0478,FALSE,none,,2023-01-23 00:00:00+00:00,2023-03-29 00:00:00+00:00,65,7,26.51,185.57,9.666666667,0,55,task_edit,calendar_view,TRUE,3,none,none,2,1,0
user_0479,FALSE,none,,2023-06-29 00:00:00+00:00,2023-10-08 00:00:00+00:00,101,14,18.85142857,263.92,8.384615385,0,5,comment,file_upload,TRUE,7,none,none,5,1,0
user_0480,FALSE,none,,2023-10-20 00:00:00+00:00,2023-11-26 00:00:00+00:00,37,9,22.55111111,202.96,9.125,1,41,calendar_view,file_upload,TRUE,5,none,none,2,1,0
user_0481,FALSE,none,,2023-01-27 00:00:00+00:00,2023-03-15 00:00:00+00:00,47,9,20.97333333,188.76,13.75,0,6,calendar_view,calendar_view,TRUE,3,none,none,3,1,0
user_0482,FALSE,none,,2023-03-14 00:00:00+00:00,2023-05-11 00:00:00+00:00,58,8,14.3475,114.78,12.57142857,0,7,comment,calendar_view,TRUE,4,none,none,3,1,0
user_0483,TRUE,2023-10-15 00:00:00+00:00,6,2023-10-09 00:00:00+00:00,2023-12-29 00:00:00+00:00,81,12,18.12083333,217.45,10.63636364,2,3,task_create,file_upload,TRUE,7,task_create,"calendar_view,comment,file_upload,task_create",3,1,1
user_0484,FALSE,none,,2023-08-27 00:00:00+00:00,2024-01-02 00:00:00+00:00,128,13,10.56538462,137.35,8.416666667,0,3,calendar_view,task_edit,TRUE,6,none,none,4,1,0
user_0485,FALSE,none,,2023-02-01 00:00:00+00:00,2023-04-30 00:00:00+00:00,88,7,26.57857143,186.05,19,1,0,task_edit,calendar_view,TRUE,2,none,none,2,1,0
user_0486,FALSE,none,,2023-08-04 00:00:00+00:00,2023-11-11 00:00:00+00:00,99,4,24.2425,96.97,24.33333333,0,18,comment,comment,TRUE,3,none,none,1,1,0
user_0487,FALSE,none,,2023-12-18 00:00:00+00:00,2024-02-27 00:00:00+00:00,71,14,20.11857143,281.66,7.230769231,2,2,task_edit,comment,TRUE,10,none,none,4,0,0
user_0488,FALSE,none,,2023-10-25 00:00:00+00:00,2024-01-13 00:00:00+00:00,80,5,16.746,83.73,26,0,9,task_edit,calendar_view,FALSE,0,none,none,1,1,0
user_0489,TRUE,2023-06-06 00:00:00+00:00,59,2023-04-08 00:00:00+00:00,2023-08-14 00:00:00+00:00,128,13,13.99923077,181.99,8.916666667,2,8,task_edit,comment,TRUE,5,"calendar_view,file_upload,task_edit","calendar_view,comment,file_upload,task_create,task_edit",4,1,1
user_0490,TRUE,2023-01-21 00:00:00+00:00,14,2023-01-07 00:00:00+00:00,2023-05-06 00:00:00+00:00,119,10,23.912,239.12,10.44444444,0,6,calendar_view,file_upload,TRUE,7,calendar_view,"comment,file_upload,task_create,task_edit",3,1,1
user_0491,TRUE,2023-07-16 00:00:00+00:00,9,2023-07-07 00:00:00+00:00,2023-10-20 00:00:00+00:00,105,17,21.93882353,372.96,7.125,1,0,file_upload,file_upload,TRUE,14,"file_upload,task_create,task_edit","calendar_view,comment,file_upload,task_create,task_edit",4,1,1
user_0492,FALSE,none,,2023-03-13 00:00:00+00:00,2023-05-30 00:00:00+00:00,78,8,38.39625,307.17,12.14285714,0,24,file_upload,task_edit,TRUE,5,none,none,2,1,0
user_0493,FALSE,none,,2023-05-18 00:00:00+00:00,2023-06-28 00:00:00+00:00,41,10,28.33,283.3,8.777777778,0,41,file_upload,comment,TRUE,6,none,none,4,1,0
user_0494,FALSE,none,,2023-12-21 00:00:00+00:00,2024-02-13 00:00:00+00:00,54,9,16.13222222,145.19,13.625,0,8,task_create,calendar_view,TRUE,3,none,none,2,0,0
user_0495,FALSE,none,,2023-06-21 00:00:00+00:00,2023-09-21 00:00:00+00:00,92,11,18.67,205.37,10.9,0,7,comment,calendar_view,TRUE,7,none,none,4,1,0
user_0496,TRUE,2023-02-12 00:00:00+00:00,42,2023-01-01 00:00:00+00:00,2023-03-10 00:00:00+00:00,68,11,18.85636364,207.42,11.7,0,1,comment,file_upload,TRUE,9,"comment,file_upload,task_create","calendar_view,comment,file_upload",3,1,1
user_0497,FALSE,none,,2023-05-17 00:00:00+00:00,2023-09-10 00:00:00+00:00,116,8,21.125,169,16.28571429,0,4,task_edit,file_upload,TRUE,6,none,none,1,1,0
user_0498,FALSE,none,,2023-03-10 00:00:00+00:00,2023-07-02 00:00:00+00:00,114,11,19.14363636,210.58,11.7,1,1,task_create,task_create,TRUE,8,none,none,3,1,0
user_0499,FALSE,none,,2023-05-01 00:00:00+00:00,2023-08-06 00:00:00+00:00,97,12,16.65416667,199.85,10.45454545,0,0,calendar_view,calendar_view,TRUE,5,none,none,3,1,0
user_0500,FALSE,none,,2023-03-31 00:00:00+00:00,2023-06-01 00:00:00+00:00,62,7,14.72,103.04,7.333333333,0,41,task_edit,file_upload,TRUE,5,none,none,3,1,0
